importer,exporter,wheat_prev,soy_prev,maize_prev,rice_prev,wheat_cur,soy_cur,maize_cur,rice_cur,prev_year,year,norm_prev,norm_cur,theta,scale,m_comp,m_scale,comp_sq,scale_sq,share_comp,share_scale,rank,metric
"China, mainland",Canada,0.0,0.0,0.0,0.0,5698874.0,0.0,5.0,0.0,1986,1987,0.0,5698874.000002193,0.0,2849437.0000010966,0.0,2849437.0000010966,0.0,8119291216975.25,0.0,0.3134624705052534,1,scale
"China, mainland",Australia,0.0,0.0,0.0,0.0,4431620.0,0.0,0.0,0.0,1986,1987,0.0,4431620.0,0.0,2215810.0,0.0,2215810.0,0.0,4909813956100.0,0.0,0.18955378878177873,2,scale
Japan,United States of America,3241278.0,4331620.0,9244259.0,0.0,3102960.0,4099585.0,12815742.0,0.0,1986,1987,10710982.184504136,13808627.771954352,0.14798338893694704,12259804.978229243,1814247.4883844177,1548822.7937251078,3291493949109.168,2398852046362.4478,0.09727024369151226,0.092612774777339,3,scale
USSR,Australia,3348000.0,0.0,0.0,0.0,781000.0,0.0,0.0,0.0,1986,1987,3348000.0,781000.0,0.0,2064500.0,0.0,1283500.0,0.0,1647372250000.0,0.0,0.06360030223416138,4,scale
USSR,United States of America,0.0,1558000.0,3968000.0,0.0,4158000.0,71000.0,4892000.0,0.0,1986,1987,4262908.396857713,6420721.844154285,0.7766854716619787,5341815.120506,4148910.196401292,1078906.723648286,17213455817802.607,1164039718333.479,0.5086921221969429,0.04494022398312061,5,scale
Mexico,United States of America,2372.0,786962.0,1393393.0,0.0,162434.0,1039221.0,3577993.0,724.0,1986,1987,1600268.3738289024,3729396.670162883,0.23517050918581886,2664832.5219958927,626690.0210927039,1064564.1481669904,392740382537.1737,1133296825562.5098,0.011606265515763096,0.04375332935636818,6,scale
Republic of Korea,United States of America,1865742.0,958961.0,1324937.0,0.0,1837083.0,1083812.0,4072361.0,0.0,1986,1987,2481140.3555732192,4597134.598263793,0.5263147093517914,3539137.476918506,1862700.1125203958,1057997.1213452867,3469651709183.495,1119357908774.9133,0.10253516260246877,0.04321518788864104,7,scale
"China, mainland",United States of America,0.0,0.0,0.0,0.0,1563508.0,272109.0,1228217.0,0.0,1986,1987,0.0,2006767.9419987753,0.0,1003383.9709993877,0.0,1003383.9709993877,0.0,1006779393258.5,0.0,0.038868855350917934,8,scale
Algeria,United States of America,1943873.0,0.0,379308.0,0.0,0.0,0.0,760921.0,0.0,1986,1987,1980534.4730635213,760921.0,1.3780877840802044,1370727.7365317605,1888983.1490143281,609806.7365317607,3568257337260.0874,371864255919.5162,0.10544915655799787,0.014356608876082965,9,scale
Cuba,USSR,1085808.0,0.0,260982.0,0.0,0.0,0.0,0.0,0.0,1986,1987,1116732.1152308641,0.0,0.0,558366.0576154321,0.0,558366.0576154321,0.0,311772654297.0,0.0,0.01203664505192188,10,scale
USSR,United States of America,4158000.0,71000.0,4892000.0,0.0,8901000.0,827000.0,8604000.0,0.0,1987,1988,6420721.844154285,12407277.944819324,0.11252764478785263,9413999.894486804,1059335.2361596932,2993278.050332519,1122191142569.513,8959713486602.447,0.0601630306971246,0.3233193966656543,1,scale
"China, mainland",Australia,4431620.0,0.0,0.0,0.0,397187.0,0.0,0.0,0.0,1987,1988,4431620.0,397187.0,0.0,2414403.5,0.0,2017216.5,0.0,4069162407872.25,0.0,0.1468394203246684,2,scale
"China, mainland",United States of America,1563508.0,272109.0,1228217.0,0.0,5768226.0,118974.0,107070.0,0.0,1987,1988,2006767.9419987753,5770446.25524335,0.6551284316499744,3888607.0986210625,2547537.069822574,1881839.1566222874,6489945122120.187,3541318611396.882,0.3479396270324639,0.12779169764187084,3,scale
Mexico,United States of America,162434.0,1039221.0,3577993.0,724.0,0.0,0.0,0.0,0.0,1987,1988,3729396.670162883,0.0,0.0,1864698.3350814416,0.0,1864698.3350814416,0.0,3477099880855.5,0.0,0.12547430643909174,4,scale
"China, mainland",Canada,5698874.0,0.0,5.0,0.0,7532080.0,0.0,0.0,0.0,1987,1988,5698874.000002193,7532080.0,8.773987948904038e-07,6615477.000001097,5.804411547426146,916602.9999989034,33.69119341189399,840161059606.9896,1.8062558387525165e-12,0.03031797470982698,5,scale
Japan,United States of America,3102960.0,4099585.0,12815742.0,0.0,3294312.0,3657108.0,14829803.0,0.0,1987,1988,13808627.771954352,15625299.596993877,0.06770053391955697,14716963.684474114,996346.2991136279,908335.9125197623,992705947757.4229,825074129973.1093,0.053221056683263254,0.029773549154918626,6,scale
India,United States of America,21465.0,0.0,0.0,0.0,1748145.0,0.0,54738.0,252.0,1987,1988,21465.0,1749001.7876414536,0.03130215218407741,885233.3938207268,27709.710411803724,863768.3938207268,767828051.1060237,746095838163.6382,4.116487900896399e-05,0.02692354578196421,7,scale
Japan,South Africa,0.0,0.0,1682736.0,0.0,0.0,0.0,239689.0,0.0,1987,1988,1682736.0,239689.0,0.0,961212.5,0.0,721523.5,0.0,520596161052.25,0.0,0.01878618517763522,8,scale
Republic of Korea,Canada,1442883.0,0.0,0.0,0.0,77233.0,0.0,0.0,0.0,1987,1988,1442883.0,77233.0,0.0,760058.0,0.0,682825.0,0.0,466249980625.0,0.0,0.016825053910090156,9,scale
"China, Taiwan Province of",United States of America,789285.0,1933640.0,3085430.0,0.0,843050.0,2012585.0,4388793.0,0.0,1987,1988,3725830.477319788,4901299.3870578855,0.13374140346055707,4313564.932188837,576902.2279491777,587734.4548690487,332816180612.72504,345431789440.21783,0.017842976415635738,0.012465219777167205,10,scale
USSR,United States of America,8901000.0,827000.0,8604000.0,0.0,5385000.0,365000.0,17414000.0,0.0,1988,1989,12407277.944819324,18231260.1319821,0.5040941094714415,15319269.038400711,7722353.283666032,2911991.093581388,59634740237747.555,8479692129097.327,0.9062858422084953,0.2748705507774852,1,scale
"China, mainland",Canada,7532080.0,0.0,0.0,0.0,1761144.0,0.0,0.0,0.0,1988,1989,7532080.0,1761144.0,0.0,4646612.0,0.0,2885468.0,0.0,8325925579024.0,0.0,0.2698861839318096,2,scale
Mexico,United States of America,0.0,0.0,0.0,0.0,429402.0,1109295.0,3577084.0,17254.0,1988,1989,0.0,3769714.7263686946,0.0,1884857.3631843473,0.0,1884857.3631843473,0.0,3552687279550.2505,0.0,0.11516091556193037,3,scale
USSR,Canada,4927000.0,0.0,57867.0,0.0,2391000.0,0.0,0.0,0.0,1988,1989,4927339.808627876,2391000.0,0.011744335184722957,3659169.904313938,42974.517854113525,1268169.9043139382,1846809184.7935221,1608254906207.6233,2.806647619770365e-05,0.05213183511026127,4,scale
"China, mainland",United States of America,5768226.0,118974.0,107070.0,0.0,8293176.0,0.0,54427.0,0.0,1988,1989,5770446.25524335,8293354.596621623,0.02385509001111318,7031900.425932487,167746.61760980455,1261454.1706891367,28138927719.52999,1591266624749.0176,0.00042763516207950265,0.051581157301421175,5,scale
Pakistan,United States of America,0.0,0.0,0.0,0.0,2034393.0,0.0,0.0,21.0,1988,1989,0.0,2034393.0001083862,0.0,1017196.5000541931,0.0,1017196.5000541931,0.0,1034688719722.5,0.0,0.0335395971862542,6,scale
Republic of Korea,United States of America,1956604.0,1021807.0,4214622.0,0.0,1770928.0,882216.0,6188408.0,0.0,1988,1989,4757670.371195234,6496990.428367891,0.1731635848747105,5627330.399781562,974448.7053006132,869660.0285863285,949550279262.0413,756308565320.7737,0.01443058142165918,0.024515860805147,7,scale
India,United States of America,1748145.0,0.0,54738.0,252.0,19636.0,0.0,94797.0,0.0,1988,1989,1749001.7876414536,96809.31620975329,1.335245619906777,922905.5519256034,1232305.5957963085,826096.2357158501,1518577081430.8948,682434990663.8975,0.023078241033939646,0.022121237292323924,8,scale
Japan,United States of America,3294312.0,3657108.0,14829803.0,0.0,3078624.0,3263801.0,13250817.0,0.0,1988,1989,15625299.596993877,13989798.921659525,0.009456078812936794,14807549.2593267,140021.35282263713,817750.3376671756,19605979246.28143,668715614754.7797,0.00029795755532261505,0.021676521569742143,9,scale
"China, mainland",France,25000.0,0.0,0.0,0.0,1397456.0,0.0,0.0,0.0,1988,1989,25000.0,1397456.0,0.0,711228.0,0.0,686228.0,0.0,470908867984.0,0.0,0.015264584838476094,10,scale
USSR,United States of America,5385000.0,365000.0,17414000.0,0.0,0.0,0.0,0.0,0.0,1989,1990,18231260.1319821,0.0,0.0,9115630.06599105,0.0,9115630.06599105,0.0,83094711499999.98,0.0,0.8579935114101144,1,scale
"China, mainland",United States of America,8293176.0,0.0,54427.0,0.0,3919284.0,0.0,356176.0,0.0,1989,1990,8293354.596621623,3935434.9715923397,0.08406610465510704,6114394.784106981,514013.35182337806,2178959.812514642,264209725852.70383,4747865864553.843,0.05540525339502205,0.04902403572136803,2,scale
USSR,Canada,2391000.0,0.0,0.0,0.0,0.0,0.0,0.0,0.0,1989,1990,2391000.0,0.0,0.0,1195500.0,0.0,1195500.0,0.0,1429220250000.0,0.0,0.014757397657923655,3,scale
"China, mainland",Canada,1761144.0,0.0,0.0,0.0,4136062.0,53.0,2.0,0.0,1989,1990,1761144.0,4136062.0003400575,1.2823243593907707e-05,2948603.000170029,37.810654532907364,1187459.0001700288,1429.6455962068683,1410058877084.8044,2.9979924572147736e-10,0.014559547116846231,4,scale
USSR,France,2128000.0,0.0,0.0,0.0,0.0,0.0,0.0,0.0,1989,1990,2128000.0,0.0,0.0,1064000.0,0.0,1064000.0,0.0,1132096000000.0,0.0,0.011689444547783827,5,scale
Brazil,Argentina,0.0,0.0,0.0,0.0,1813432.0,0.0,413477.0,0.0,1989,1990,0.0,1859972.8084445214,0.0,929986.4042222607,0.0,929986.4042222607,0.0,864874712038.2501,0.0,0.008930254136708927,6,scale
USSR,"China, mainland",0.0,499933.0,1163000.0,0.0,0.0,0.0,0.0,0.0,1989,1990,1265899.6818425227,0.0,0.0,632949.8409212613,0.0,632949.8409212613,0.0,400625501122.25006,0.0,0.004136654117492376,7,scale
Egypt,Australia,658692.0,0.0,0.0,0.0,1805459.0,0.0,0.0,0.0,1989,1990,658692.0,1805459.0,0.0,1232075.5,0.0,573383.5,0.0,328768638072.25,0.0,0.0033946968841829465,8,scale
Algeria,Italy,1072106.0,0.0,0.0,16.0,96526.0,0.0,6050.0,0.0,1989,1990,1072106.0001193911,96715.41333210544,0.0625955328340701,584410.7067257483,36581.49958143369,487695.2933936429,1338206111.6264331,237846699198.3114,0.0002806242218000884,0.002455883424331577,9,scale
"China, mainland",United Kingdom of Great Britain and Northern Ireland,127904.0,0.0,0.0,0.0,1003365.0,0.0,0.0,0.0,1989,1990,127904.0,1003365.0,0.0,565634.5,0.0,437730.5,0.0,191607990630.25,0.0,0.001978446157732728,10,scale
Republic of Korea,United States of America,1771569.0,821099.0,5283828.0,0.0,1669294.0,1015383.0,1766224.0,0.0,1990,1991,5633071.863836463,2633836.0452581327,0.4853084554943689,4133453.9545472977,2006000.1545384403,1499617.909289165,4024036620008.246,2248853873860.806,0.38042617005680457,0.24099484042259442,1,scale
Mexico,United States of America,318663.0,876910.0,3995707.0,18047.0,333639.0,1452131.0,1402478.0,48738.0,1990,1991,4103232.5524794473,2046782.6842657235,0.588739527679931,3075007.6183725856,1810378.5328528655,1028224.9341068619,3277470432214.4937,1057246515119.0605,0.30984696257541133,0.11329813740233816,2,scale
Germany,United States of America,0.0,0.0,0.0,0.0,10216.0,1587343.0,102275.0,4.0,1990,1991,0.0,1590667.263115074,0.0,795333.631557537,0.0,795333.631557537,0.0,632555585486.5,0.0,0.0677868109416234,3,scale
Netherlands (Kingdom of the),France,2172000.0,339.0,1250637.0,670.0,748724.0,87.0,947140.0,1013.0,1990,1991,2506327.486500916,1207337.0869454811,0.3794338678500737,1856832.2867231986,704545.0565002803,649495.1997777175,496383736638.98315,421844014534.2971,0.046927347248561305,0.04520624134256754,4,scale
Germany,France,0.0,0.0,0.0,0.0,880733.0,3624.0,708417.0,191.0,1990,1991,0.0,1130291.3045029587,0.0,565145.6522514793,0.0,565145.6522514793,0.0,319389608258.75,0.0,0.034226878219885876,5,scale
"China, mainland",United Kingdom of Great Britain and Northern Ireland,1003365.0,0.0,0.0,0.0,0.0,0.0,0.0,0.0,1990,1991,1003365.0,0.0,0.0,501682.5,0.0,501682.5,0.0,251685330806.25,0.0,0.026971457256237168,6,scale
Japan,"China, mainland",0.0,284181.0,813216.0,0.0,0.0,279093.0,1815963.0,0.0,1990,1991,861440.1333911719,1837284.5506393395,0.18369216691512058,1349362.3420152557,247867.29255844437,487922.2086240838,61438194720.253456,238068081668.60394,0.005808271474572794,0.02551218646009257,7,scale
Brazil,Canada,118496.0,0.0,5.0,0.0,1070410.0,0.0,1490.0,0.0,1990,1991,118496.0001054888,1070411.0370320366,0.0013497935689960876,594453.5185687627,802.3895364312123,475957.5184632739,643828.9681742957,226535559381.7177,6.086659035763689e-08,0.024276322093580074,8,scale
Republic of Korea,Canada,246199.0,0.0,2461.0,0.0,1172653.0,0.0,1485.0,0.0,1990,1991,246211.29974475177,1172653.940271383,0.008729287355640863,709432.6200080673,6192.841199515591,463221.3202633156,38351282.1224177,214573991546.48917,3.625670626866579e-06,0.022994479744834664,9,scale
Brazil,Argentina,1813432.0,0.0,413477.0,0.0,2657695.0,240605.0,578450.0,9208.0,1990,1991,1859972.8084445214,2730553.5462272116,0.08884320122187506,2295263.1773358667,203918.5283212107,435290.3688913451,41582766192.68841,189477705249.5633,0.003931170110231156,0.020305076230615164,10,scale
Republic of Korea,"China, mainland",0.0,0.0,0.0,0.0,1679.0,0.0,4937372.0,0.0,1991,1992,0.0,4937372.285479899,0.0,2468686.1427399493,0.0,2468686.1427399493,0.0,6094411271356.249,0.0,0.45674098396184465,1,scale
South Africa,United States of America,0.0,0.0,0.0,0.0,22533.0,0.0,2853309.0,35.0,1991,1992,0.0,2853397.972031767,0.0,1426698.9860158835,0.0,1426698.9860158835,0.0,2035469996698.7502,0.0,0.15254673958196924,2,scale
Egypt,United States of America,1736254.0,0.0,855304.0,0.0,3552272.0,0.0,1084618.0,0.0,1991,1992,1935490.347413802,3714166.470139431,0.1613816006398556,2824828.4087766167,455875.33014130674,889338.0613628144,207822316631.4454,790922187388.569,0.06600315942772374,0.05927505742892172,3,scale
"China, mainland",United States of America,4586557.0,0.0,64.0,10.0,3334444.0,71311.0,17.0,0.0,1991,1992,4586557.000457424,3335206.4476050055,0.021382916511794095,3960881.7240312146,84695.20321805052,625675.2764262091,7173277448.146875,391469551531.01324,0.0022781912101815867,0.02933838564485112,4,scale
"China, mainland",Canada,4504045.0,422.0,0.0,0.0,5670001.0,5531.0,0.0,0.0,1991,1992,4504045.019769341,5670003.697702674,0.0008817909700036998,5087024.3587360075,4485.692143722273,582979.3389666667,20121434.00825172,339864909662.0117,6.390450449632368e-06,0.025470915292952614,5,scale
"China, mainland",Australia,1364645.0,0.0,0.0,0.0,219065.0,25.0,0.0,0.0,1991,1992,1364645.0,219065.00142651724,0.00011412137947072906,791855.0007132586,90.36758502219222,572789.9992867414,8166.300422743139,328088383282.90515,2.5935695332127165e-09,0.024588332545161004,6,scale
United States of America,Canada,562846.0,122691.0,235762.0,0.0,1465055.0,69135.0,308669.0,0.0,1991,1992,622440.6974491626,1498813.6484603414,0.24147532630627289,1060627.172954752,256115.2926785485,438186.4755055894,65595043143.81855,192007387316.0105,0.020832604315386517,0.014389846550533408,7,scale
Pakistan,United States of America,727280.0,0.0,100.0,0.0,1587128.0,0.0,0.0,1.0,1991,1992,727280.0068749312,1587128.000000315,0.00013750006675803856,1157204.0034376231,159.11562772534268,429923.99656269193,25317.78298642984,184834642820.43753,8.040780672141709e-09,0.013852290709165676,8,scale
Zimbabwe,Argentina,0.0,0.0,0.0,0.0,0.0,33900.0,785250.0,0.0,1991,1992,0.0,785981.4072228427,0.0,392990.70361142134,0.0,392990.70361142134,0.0,154441693125.0,0.0,0.011574514377489301,9,scale
Netherlands (Kingdom of the),United States of America,12183.0,1497621.0,98047.0,0.0,19151.0,2259764.0,46037.0,2.0,1991,1992,1500876.5103561985,2260314.02726922,0.045005395509324655,1880595.2688127093,84636.9338658807,379718.7584565107,7163410574.217463,144186335523.75394,0.0022750575483902443,0.010805934458426614,10,scale
Egypt,United States of America,3552272.0,0.0,1084618.0,0.0,0.0,0.0,0.0,0.0,1992,1993,3714166.470139431,0.0,0.0,1857083.2350697154,0.0,1857083.2350697154,0.0,3448758141977.0,0.0,0.294692080087405,1,scale
South Africa,United States of America,22533.0,0.0,2853309.0,35.0,0.0,0.0,0.0,0.0,1992,1993,2853397.972031767,0.0,0.0,1426698.9860158835,0.0,1426698.9860158835,0.0,2035469996698.7502,0.0,0.17392837148585946,2,scale
"China, mainland",Canada,5670001.0,5531.0,0.0,0.0,3058574.0,6575.0,0.0,0.0,1992,1993,5670003.697702674,3058581.0671128207,0.001174206757467709,4364292.382407747,5124.581606988023,1305711.3152949268,26261336.64667995,1704882038889.2075,5.4983217343369664e-06,0.14568004297799417,3,scale
Republic of Korea,Canada,726145.0,0.0,0.0,0.0,2260429.0,0.0,0.0,0.0,1992,1993,726145.0,2260429.0,0.0,1493287.0,0.0,767142.0,0.0,588506848164.0,0.0,0.05028717587360708,4,scale
Morocco,United States of America,570494.0,0.0,153153.0,0.0,2041538.0,15921.0,293809.0,0.0,1992,1993,590693.8677902455,2062632.9319988082,0.11958701749858688,1326663.3998945267,158651.71921792152,735969.5321042814,25170368010.802208,541651152185.79486,0.00526990622590987,0.046283415115873895,5,scale
"China, mainland",France,1340059.0,0.0,0.0,0.0,0.0,0.0,0.0,0.0,1992,1993,1340059.0,0.0,0.0,670029.5,0.0,670029.5,0.0,448939530870.25,0.0,0.03836132275421825,6,scale
Japan,United States of America,3428700.0,3899937.0,13508355.0,0.0,3228070.0,4036235.0,14552719.0,0.0,1992,1993,14472081.64363351,15443226.968256537,0.03039062442103596,14957654.305945024,454572.4542316665,485572.662311513,206636116146.20056,235780810384.29062,0.04326329096616141,0.020147176054801468,7,scale
Italy,United Kingdom of Great Britain and Northern Ireland,1065923.0,19.0,1.0,36.0,311233.0,29.0,21.0,4.0,1992,1993,1065923.0007777298,311233.00208525447,0.00010267774851241059,688578.0014314922,70.70163886216105,377344.99934623763,4998.721737795441,142389248531.6121,1.0465796446159958e-09,0.012166983622634991,8,scale
"China, mainland",United States of America,3334444.0,71311.0,17.0,0.0,2588981.0,90773.0,78.0,3.0,1992,1993,3335206.4476050055,2590571.8214291995,0.013664036816190554,2962889.1345171025,40485.026216332655,372317.31308790296,1639037347.7371423,138620181624.99554,0.0003431643557866073,0.011844921558270364,9,scale
Republic of Korea,United States of America,1515822.0,1213625.0,1668866.0,0.0,1403084.0,972422.0,741302.0,0.0,1992,1993,2560413.1897537555,1861122.7558503496,0.3058359487852834,2210767.9728020523,676132.3205060333,349645.21695170295,457154914832.8733,122251777737.20343,0.09571427524814614,0.010446261869528295,10,scale
Egypt,United States of America,0.0,0.0,0.0,0.0,4660222.0,18733.0,1373816.0,0.0,1993,1994,0.0,4858537.888750997,0.0,2429268.9443754987,0.0,2429268.9443754987,0.0,5901347604107.25,0.0,0.465531430566189,1,scale
Japan,United States of America,3228070.0,4036235.0,14552719.0,0.0,3706402.0,3540131.0,11886382.0,0.0,1993,1994,15443226.968256537,12944343.178882774,0.08189190612893907,14193785.073569655,1162356.1148591028,1249441.8946868815,1351071737750.3477,1561105048198.7441,0.1376815949727203,0.1231487306130312,2,scale
Japan,South Africa,0.0,0.0,84283.0,0.0,0.0,0.0,1720992.0,0.0,1993,1994,84283.0,1720992.0,0.0,902637.5,0.0,818354.5,0.0,669704087670.25,0.0,0.05283001831177846,3,scale
Morocco,United States of America,2041538.0,15921.0,293809.0,0.0,608386.0,38093.0,239590.0,22.0,1993,1994,2062632.9319988082,654971.7323892688,0.237500755215559,1358802.3321940384,322716.580084747,703830.5998047697,104145991061.59492,495377513221.54193,0.01061304574637223,0.03907815940885127,4,scale
Republic of Korea,"China, mainland",106939.0,498.0,5462193.0,0.0,110370.0,9955.0,4091963.0,0.0,1993,1994,5463239.750090966,4093463.305355747,0.0077521508932684394,4778351.527723357,37042.50206399123,684888.2223676094,1372146959.1607947,469071877137.86395,0.0001398292752306355,0.03700302314853929,5,scale
Mexico,United States of America,962229.0,2017143.0,209957.0,209217.0,606057.0,2176127.0,2745896.0,185206.0,1993,1994,2254463.179080111,3560488.718228159,0.8007751211526724,2907475.9486541348,2328234.405031996,653012.769574024,5420675444774.691,426425677226.73737,0.5523964569851336,0.03363885147374743,6,scale
Egypt,Australia,755395.0,0.0,160.0,0.0,1827624.0,0.0,3.0,0.0,1993,1994,755395.016944777,1827624.0000024622,0.00021016823616466933,1291509.5084736196,271.4342753857997,536114.4915288426,73676.56585421415,287418748027.22943,7.508044773263749e-09,0.02267320448087732,7,scale
Netherlands (Kingdom of the),Brazil,0.0,745558.0,0.0,0.0,0.0,1665425.0,0.0,0.0,1993,1994,745558.0,1665425.0,0.0,1205491.5,0.0,459933.5,0.0,211538824422.25,0.0,0.016687370099168656,8,scale
Romania,France,906569.0,0.0,77522.0,0.0,62.0,0.0,146.0,0.0,1993,1994,909877.4710063988,158.61904047118682,1.0839118853813574,455018.04502343497,493199.46706389077,454859.4259829638,243245714312.10587,206897097405.55133,0.024788067858287032,0.01632120461234366,9,scale
"China, mainland",Australia,618722.0,25.0,0.0,0.0,1441425.0,3.0,0.0,0.0,1993,1994,618722.0005050733,1441425.000003122,3.8324595987871015e-05,1030073.5002540976,39.477150735050444,411351.49974902434,1558.4454301578937,169210056345.77158,1.5881410772411134e-10,0.01334823922963086,10,scale
Republic of Korea,United States of America,1535061.0,1016927.0,1489042.0,0.0,1511418.0,1414320.0,8836632.0,0.0,1994,1995,2368079.152987501,9075833.324634604,0.6647096340646219,5721956.238811052,3803439.437633875,3353877.0858235518,14466151555748.686,11248491506812.28,0.36927734780656485,0.3159701843956935,1,scale
Japan,United States of America,3706402.0,3540131.0,11886382.0,0.0,3279686.0,4064782.0,16221836.0,0.0,1994,1995,12944343.178882774,17041911.75241252,0.10572409374607673,14993127.465647647,1585134.8137250098,2048784.2867648732,2512652377683.0215,4197517053694.6504,0.06414045936231892,0.11790827567027479,2,scale
Republic of Korea,"China, mainland",110370.0,9955.0,4091963.0,0.0,1.0,477.0,33345.0,0.0,1994,1995,4093463.305355747,33348.41158136321,0.02943514175173741,2063405.8584685551,60736.64393538734,2030057.446887192,3688939916.5340242,4121133237662.1445,9.416754299481369e-05,0.11576265388427609,3,scale
"China, mainland",United States of America,2241868.0,34710.0,464.0,42.0,3841112.0,143915.0,4975370.0,20.0,1994,1995,2242136.733248889,6287221.927136738,0.9129875124665451,4264679.330192814,3893598.9731402285,2022542.5969439244,15160112963638.643,4090678556452.674,0.3869920957267798,0.11490718173215322,4,scale
Republic of Korea,Canada,3081764.0,0.0,11211.0,0.0,189795.0,67.0,12625.0,0.0,1994,1995,3081784.3919094987,190214.45039481096,0.06278443876260459,1635999.421152155,102715.30547298402,1445784.9707573438,10550433978.40842,2090294181667.8135,0.0002693208530783493,0.058716374335423725,5,scale
Egypt,Australia,1827624.0,0.0,3.0,0.0,0.0,0.0,0.0,0.0,1994,1995,1827624.0000024622,0.0,0.0,913812.0000012311,0.0,913812.0000012311,0.0,835052371346.25,0.0,0.02345662541457605,6,scale
Netherlands (Kingdom of the),United States of America,3182.0,1458359.0,30564.0,0.0,2484.0,3248918.0,21619.0,0.0,1994,1995,1458682.7126215626,3248990.8775096615,0.014370620446287764,2353836.795065612,33826.095174394344,895154.0824440494,1144204714.7471843,801300831316.248,2.9208105609933215e-05,0.022508544481194024,7,scale
"China, mainland",France,0.0,0.0,0.0,0.0,1679160.0,0.0,0.0,0.0,1994,1995,0.0,1679160.0,0.0,839580.0,0.0,839580.0,0.0,704894576400.0,0.0,0.019800492283764962,8,scale
Japan,"China, mainland",0.0,207936.0,1799543.0,0.0,0.0,194974.0,26241.0,0.0,1994,1995,1811516.5991359283,196731.92612537497,1.3219738967766048,1004124.2626306517,1327426.0643177775,807392.3365052766,1762059956230.1843,651882385047.4498,0.04498009196193288,0.01831137955547239,9,scale
Algeria,United States of America,1084911.0,0.0,1156440.0,0.0,0.0,0.0,0.0,0.0,1994,1995,1585681.352454206,0.0,0.0,792840.676227103,0.0,792840.676227103,0.0,628596337880.25,0.0,0.017657274370540616,10,scale
"China, mainland",United States of America,3841112.0,143915.0,4975370.0,20.0,2165013.0,859678.0,340449.0,0.0,1995,1996,6287221.927136738,2354194.7828193824,0.816682494395916,4320708.35497806,3528646.876900757,1966513.5721586777,12451348781861.467,3867175629484.283,0.7363118418188961,0.27738041896610016,1,scale
Mexico,United States of America,796702.0,2232051.0,2686743.0,264941.0,0.0,0.0,0.0,0.0,1995,1996,3592431.9652479156,0.0,0.0,1796215.9826239578,0.0,1796215.9826239578,0.0,3226391856233.7505,0.0,0.23141900202507174,2,scale
"China, mainland",Australia,435680.0,26.0,0.0,0.0,2257911.0,0.0,79.0,0.0,1995,1996,435680.00077579875,2257911.0013820296,6.917723939464594e-05,1346795.5010789142,93.16759479376819,911115.5003031155,8680.20071965578,830131454892.5964,5.133045978567437e-10,0.0595427342372226,3,scale
"China, mainland",France,1679160.0,0.0,0.0,0.0,208170.0,0.0,43.0,0.0,1995,1996,1679160.0,208170.00444108175,0.00020656194087168272,943665.0022205409,194.9252743913557,735494.9977794591,37995.86259654532,540952891758.60657,2.246889398095993e-09,0.03880085988671168,4,scale
Colombia,United States of America,0.0,10.0,7142.0,0.0,517657.0,222000.0,1318324.0,27513.0,1995,1996,7142.007000836669,1433871.6482984102,0.40365503545615894,720506.8276496235,290836.20906131336,713364.8206487867,84585700501.15598,508889367339.27563,0.0050019844451129935,0.03650104351189918,5,scale
Brazil,Uruguay,551421.0,13869.0,3.0,176029.0,1970443.0,0.0,5.0,112680.0,1995,1996,579002.3119573876,1973662.179470945,0.2529920839068997,1276332.2457141662,322901.95460080006,697329.9337567787,104265672285.01715,486269036513.2334,0.00616576168121676,0.0348785578937541,6,scale
"China, mainland",Canada,4861572.0,7053.0,0.0,0.0,3614840.0,10185.0,0.0,0.0,1995,1996,4861577.116121166,3614854.348355546,0.0013667803447982173,4238215.732238356,5792.709959837969,623361.3838828101,33555488.67880601,388579414916.2922,1.9843074115968216e-06,0.02787158671804545,7,scale
Spain,United States of America,100180.0,1674871.0,2324944.0,51941.0,69628.0,1309453.0,1004132.0,20843.0,1995,1996,2867628.1784181856,1651735.669429585,0.2922139327129461,2259681.9239238854,660310.5416701549,607946.2544943002,436010011440.73334,369598648353.64844,0.025783498655429133,0.026510155667098852,8,scale
Indonesia,Australia,1227922.0,31.0,0.0,1.0,2301367.0,10.0,2.0,0.0,1995,1996,1227922.0003917187,2301367.0000225953,2.0934567062509027e-05,1764644.5002071569,36.94206863107445,536722.4998154383,1364.7164347430148,288071041808.1332,8.070265231747217e-11,0.020662435307960633,9,scale
Philippines,United States of America,1775062.0,67520.0,157831.0,0.0,693147.0,133507.0,322621.0,0.0,1995,1996,1783343.6793857208,776119.3157620805,0.3702191456039721,1279731.4975739005,473781.1016343012,503612.18181182013,224468532265.81204,253625229669.26178,0.013273970661218224,0.018191744882146716,10,scale
Republic of Korea,United States of America,625583.0,1354237.0,8061017.0,0.0,0.0,0.0,0.0,0.0,1996,1997,8197884.301229617,0.0,0.0,4098942.1506148083,0.0,4098942.1506148083,0.0,16801326754086.75,0.0,0.43923994727985977,1,scale
Egypt,United States of America,4245145.0,70138.0,2118930.0,0.0,0.0,0.0,0.0,0.0,1996,1997,4745106.927664434,0.0,0.0,2372553.463832217,0.0,2372553.463832217,0.0,5629009938742.25,0.0,0.1471601656773651,2,scale
Mexico,United States of America,0.0,0.0,0.0,0.0,1139817.0,3308897.0,2517262.0,406060.0,1996,1997,0.0,4330066.379438311,0.0,2165033.1897191554,0.0,2165033.1897191554,0.0,4687368712585.5,0.0,0.1225426787022351,3,scale
Iran (Islamic Republic of),Canada,0.0,0.0,0.0,0.0,2726311.0,0.0,0.0,0.0,1996,1997,0.0,2726311.0,0.0,1363155.5,0.0,1363155.5,0.0,1858192917180.25,0.0,0.048579053959505396,4,scale
Iran (Islamic Republic of),Australia,0.0,0.0,0.0,0.0,2402791.0,0.0,0.0,0.0,1996,1997,0.0,2402791.0,0.0,1201395.5,0.0,1201395.5,0.0,1443351147420.25,0.0,0.03773377490828141,5,scale
"China, mainland",Canada,3614840.0,10185.0,0.0,0.0,1334290.0,14215.0,0.0,0.0,1996,1997,3614854.348355546,1334365.7183564783,0.00783565837104323,2474610.0333560123,19390.198822933602,1140244.3149995338,375979810.39289564,1300157097888.756,3.003899470766845e-05,0.033990228479621895,6,scale
"China, mainland",Australia,2257911.0,0.0,79.0,0.0,245792.0,98.0,0.0,0.0,1996,1997,2257911.0013820296,245792.01953684338,0.00040024329473803454,1251851.5104594366,501.04517306907,1006059.4909225932,251046.26545581434,1012155699275.4274,2.005739997455361e-08,0.026460958857347918,7,scale
Brazil,Uruguay,1970443.0,0.0,5.0,112680.0,86921.0,608.0,2625.0,107808.0,1996,1997,1973662.179470945,138510.23570119287,0.8352998287336806,1056086.207586069,882148.6283246456,917575.971884876,778186202455.0537,841945664180.4749,0.06217336827927095,0.022011128916184213,8,scale
Iran (Islamic Republic of),Argentina,0.0,0.0,0.0,0.0,530636.0,0.0,1202378.0,0.0,1996,1997,0.0,1314263.0708423636,0.0,657131.5354211818,0.0,657131.5354211818,0.0,431821854844.99994,0.0,0.011289192307998708,9,scale
Philippines,United States of America,693147.0,133507.0,322621.0,0.0,1894050.0,42453.0,105029.0,0.0,1996,1997,776119.3157620805,1897434.7816328234,0.4068841465900333,1336777.048697452,543913.3886404062,560657.7329353715,295841774342.28955,314337093500.2303,0.023636347612624894,0.008217768179739826,10,scale
Republic of Korea,United States of America,0.0,0.0,0.0,0.0,1440464.0,1357786.0,4216571.0,15.0,1997,1998,0.0,4658110.169946391,0.0,2329055.0849731956,0.0,2329055.0849731956,0.0,5424497588839.499,0.0,0.2560050084701043,1,scale
Egypt,United States of America,0.0,0.0,0.0,0.0,3621859.0,52673.0,1838800.0,0.0,1997,1998,0.0,4062243.5304656466,0.0,2031121.7652328233,0.0,2031121.7652328233,0.0,4125455625202.5005,0.0,0.19469771807916916,2,scale
Republic of Korea,"China, mainland",0.0,0.0,0.0,0.0,17656.0,14744.0,2596545.0,0.0,1997,1998,0.0,2596646.887217629,0.0,1298323.4436088144,0.0,1298323.4436088144,0.0,1685643764224.2502,0.0,0.07955266622768076,3,scale
Brazil,Argentina,3699415.0,0.0,400234.0,89054.0,5843283.0,0.0,1549250.0,126245.0,1997,1998,3722067.8677177555,6046492.336935027,0.15139371484198455,4884280.102326391,739449.3090199808,1162212.2346086355,546785280610.12714,1350737278273.998,0.07004218029278518,0.06374701116595002,4,scale
"China, Taiwan Province of",United States of America,898248.0,2274489.0,5621670.0,0.0,963352.0,1226365.0,3714407.0,0.0,1997,1998,6130523.898454764,4028503.140221936,0.114240145447487,5079513.51933835,580284.3632516896,1051010.3791164139,336729942234.4188,1104622817010.428,0.04313448104829155,0.05213182769347016,5,scale
Mexico,United States of America,1139817.0,3308897.0,2517262.0,406060.0,1698516.0,3213986.0,5211427.0,380272.0,1997,1998,4330066.379438311,6365394.000434302,0.3550280306025268,5347730.189936306,1898594.1175267634,1017663.8104979955,3604659623107.2295,1035639631197.3,0.4617502119553645,0.048876219081030396,6,scale
Iran (Islamic Republic of),Canada,2726311.0,0.0,0.0,0.0,1094311.0,102500.0,25300.0,0.0,1997,1998,2726311.0,1099392.0614234942,0.09617968023362729,1912851.5307117472,183977.44855826034,813459.4692882529,33847701578.007328,661716308174.7261,0.004335827792909444,0.03122919428107229,7,scale
Japan,United States of America,3432770.0,3891332.0,15265931.0,0.0,3095448.0,3735313.0,14048994.0,0.0,1997,1998,16123741.002133625,14862994.110902049,0.01111021816677988,15493367.556517836,172134.69369102246,630373.445615788,29630352772.102127,397370680937.5208,0.003795593233026701,0.01875360489577519,8,scale
Republic of Korea,Ukraine,0.0,0.0,0.0,0.0,1164532.0,0.0,24791.0,0.0,1997,1998,0.0,1164795.8502265536,0.0,582397.9251132768,0.0,582397.9251132768,0.0,339187343176.25,0.0,0.016007686839319805,9,scale
Russian Federation,Kazakhstan,0.0,0.0,0.0,0.0,1033312.0,0.0,974.0,324.0,1997,1998,0.0,1033312.5098420129,0.0,516656.25492100645,0.0,516656.25492100645,0.0,266933685749.0,0.0,0.012597730824275026,10,scale
Republic of Korea,United States of America,1440464.0,1357786.0,4216571.0,15.0,340347.0,1294776.0,6519742.0,20.0,1998,1999,4658110.169946391,6655773.187057158,0.28654015342662426,5656941.678501775,1620940.9364833639,998831.5085553834,2627449519567.5645,997664382483.023,0.2894816804735132,0.09208620613749312,1,scale
Japan,United States of America,3095448.0,3735313.0,14048994.0,0.0,3313664.0,3867149.0,15891833.0,0.0,1998,1999,14862994.110902049,16687886.822272794,0.022966491751629264,15775440.46658742,362306.5233541985,912446.3556853728,131266016865.00638,832558352003.518,0.014462354792415043,0.07684662434603065,2,scale
Algeria,United States of America,359658.0,0.0,747611.0,0.0,565768.0,0.0,2433404.0,0.0,1998,1999,829624.0620214676,2498309.1195926894,0.21995234177196707,1663966.5908070784,365993.3482783334,834342.5287856109,133951130983.98543,696127455340.368,0.014758189723452326,0.06425380867150733,3,scale
Iran (Islamic Republic of),France,121605.0,0.0,0.0,0.0,1623208.0,0.0,0.0,0.0,1998,1999,121605.0,1623208.0,0.0,872406.5,0.0,750801.5,0.0,563702892402.25,0.0,0.05203078476236775,4,scale
Iran (Islamic Republic of),Canada,1094311.0,102500.0,25300.0,0.0,2528409.0,257485.0,350142.0,0.0,1998,1999,1099392.0614234942,2565492.158762135,0.11417900477243542,1832442.1100928145,209226.4164334991,733050.0486693204,43775693333.60399,537362373854.093,0.0048230274932895755,0.0495995078085317,5,scale
Egypt,United States of America,3621859.0,52673.0,1838800.0,0.0,4495122.0,32998.0,3138305.0,0.0,1998,1999,4062243.5304656466,5482350.676116314,0.13986997164103004,4772297.103290981,667501.0604998793,710053.5728253336,445557665768.4635,504176076282.0213,0.049089727842131434,0.04653635321183647,6,scale
"China, Taiwan Province of",United States of America,963352.0,1226365.0,3714407.0,0.0,910454.0,2212182.0,4800707.0,0.0,1998,1999,4028503.140221936,5363717.310512272,0.1312837519607132,4696110.225367104,616522.9700072638,667607.0851451678,380100572546.5775,445699220136.0273,0.04187793206692598,0.041138834844055935,7,scale
Republic of Korea,"China, mainland",17656.0,14744.0,2596545.0,0.0,3564.0,39992.0,1264552.0,0.0,1998,1999,2596646.887217629,1265189.2438935766,0.02624031258171524,1930918.0655556028,50667.89360985994,665728.8216620261,2567235442.8600855,443194863991.50977,0.00028284753889110483,0.040907678294604136,8,scale
India,Australia,1320310.0,0.0,0.0,0.0,318153.0,0.0,0.0,0.0,1998,1999,1320310.0,318153.0,0.0,819231.5,0.0,501078.5,0.0,251079663162.25,0.0,0.023175101792595805,9,scale
"China, Taiwan Province of",Argentina,0.0,266012.0,1046091.0,0.0,0.0,105003.0,8505.0,0.0,1998,1999,1079383.5112808608,105346.8795646079,1.2409614976260137,592365.1954227344,735102.4000533227,487018.31585812644,540375538564.1552,237186839981.28583,0.05953637465738144,0.02189276937526529,10,scale
Republic of Korea,"China, mainland",3564.0,39992.0,1264552.0,0.0,7.0,43440.0,6296496.0,0.0,1999,2000,1265189.2438935766,6296645.846136259,0.02487578089027575,3780917.545014918,94053.27641399039,2515728.301121341,8846018804.20648,6328888885062.869,0.000733808593217206,0.2804062973295293,1,scale
Republic of Korea,United States of America,340347.0,1294776.0,6519742.0,20.0,1426789.0,1320118.0,2307558.0,0.0,1999,2000,6655773.187057158,3017161.299600835,0.5385035540437934,4836467.243328996,2604454.799549052,1819305.9437281615,6783184802894.093,3309874116884.616,0.5626892060615002,0.14664652241453302,2,scale
"China, mainland",United States of America,180577.0,2444717.0,50119.0,0.0,153687.0,5413801.0,140.0,0.0,1999,2000,2451889.3076929473,5415981.996016051,0.04973089285628686,3933935.6518544992,195638.1324059031,1482046.3441615517,38274278851.26968,2196461366242.6206,0.0031749870017117464,0.09731591281197446,3,scale
Belgium,France,0.0,0.0,0.0,0.0,2383962.0,1230.0,439017.0,1757.0,1999,2000,0.0,2424049.3690686254,0.0,1212024.6845343127,0.0,1212024.6845343127,0.0,1469003835920.5002,0.0,0.06508534655514828,4,scale
Belgium-Luxembourg,France,2046268.0,919.0,427230.0,1669.0,0.0,0.0,0.0,0.0,1999,2000,2090392.7455973434,0.0,0.0,1045196.3727986717,0.0,1045196.3727986717,0.0,1092435457711.4999,0.0,0.04840119448002101,5,scale
"China, mainland",Argentina,0.0,964043.0,45.0,0.0,0.0,2784314.0,872.0,0.0,1999,2000,964043.0010502643,2784314.136547814,0.000266504641757546,1874178.5687990393,499.4772880674583,910135.5677487749,249477.56129522272,828346751681.3848,2.0695047381795455e-08,0.03670054092624709,6,scale
Nigeria,United States of America,0.0,0.0,0.0,0.0,1336275.0,0.0,0.0,1.0,1999,2000,0.0,1336275.0000003742,0.0,668137.5000001871,0.0,668137.5000001871,0.0,446407718906.5,0.0,0.01977843786344963,7,scale
"China, mainland",Brazil,0.0,860105.0,0.0,0.0,0.0,2119545.0,6.0,0.0,1999,2000,860105.0,2119545.0000084923,2.830750024735473e-06,1489825.0000042461,4.217322155613545,629720.0000042461,17.78580616422888,396547278405.3478,1.4753956202761499e-12,0.01756933263849536,8,scale
Republic of Korea,Australia,90532.0,0.0,2418.0,0.0,1250692.0,36.0,5266.0,0.0,1999,2000,90564.28516805066,1250703.086634074,0.022492013993084484,670633.6859010623,15083.902247520518,580069.4007330118,227524107.01275456,336480509666.7554,1.8873930587920257e-05,0.014908028178831032,9,scale
Algeria,United States of America,565768.0,0.0,2433404.0,0.0,708220.0,0.0,1173760.0,0.0,1999,2000,2498309.1195926894,1370871.294469324,0.3144569280097296,1934590.2070310067,608345.2934606771,563718.9125616828,370083996075.7574,317779012379.72614,0.030699778345871877,0.014079443935370735,10,scale
Republic of Korea,"China, mainland",7.0,43440.0,6296496.0,0.0,339044.0,46872.0,2769417.0,0.0,2000,2001,6296645.846136259,2790487.1148616686,0.1222095351699609,4543566.480498964,555267.1475955936,1753079.3656372952,308321605198.9467,3073287262223.261,0.03886299244963028,0.22276650559426164,1,scale
"China, mainland",Argentina,0.0,2784314.0,872.0,0.0,0.0,5020380.0,7.0,0.0,2000,2001,2784314.136547814,5020380.00000488,0.00031178874036535964,3902347.068276347,1216.7078768863364,1118032.931728533,1480378.0576772564,1249997636429.4985,1.8659711258634204e-07,0.0906057851770893,2,scale
Canada,United States of America,24027.0,388312.0,1526150.0,314.0,51960.0,734197.0,3230948.0,305.0,2000,2001,1574959.5001678613,3313724.513012209,0.025708353819100083,2444342.0065900353,62840.00916030569,869382.5064221738,3948866751.2673035,755825942472.9011,0.0004977425394502374,0.054785865972181956,3,scale
Iran (Islamic Republic of),Canada,3356493.0,266662.0,322499.0,0.0,1670408.0,0.0,80495.0,0.0,2000,2001,3382478.305369304,1672346.3551217492,0.09215531029910783,2527412.3302455265,232914.46754756768,855065.9751237774,54249149192.96696,731137821814.3763,0.006837938827299359,0.05299635334302066,4,scale
Russian Federation,Kazakhstan,2262754.0,45.0,5687.0,0.0,826848.0,4.0,3704.0,0.0,2000,2001,2262761.1470303265,826856.2963030516,0.0019663864409806965,1544808.721666689,3037.6909241941,717952.4253636375,9227566.150931204,515455685085.5295,1.1631064044983392e-06,0.03736268430440588,5,scale
Nigeria,United States of America,1336275.0,0.0,0.0,1.0,0.0,0.0,0.0,0.0,2000,2001,1336275.0000003742,0.0,0.0,668137.5000001871,0.0,668137.5000001871,0.0,446407718906.5,0.0,0.032357758688384586,6,scale
Iran (Islamic Republic of),Argentina,119317.0,0.0,0.0,0.0,1430215.0,0.0,0.0,0.0,2000,2001,119317.0,1430215.0,0.0,774766.0,0.0,655449.0,0.0,429613391601.0,0.0,0.031140425816954247,7,scale
Japan,United States of America,3175449.0,3608478.0,15532630.0,0.0,2891753.0,3645832.0,14216439.0,0.0,2000,2001,16259372.206361013,14958658.503554188,0.022432027127041006,15609015.3549576,350141.85586880846,650356.8514034124,122599319231.25343,422964034167.3602,0.015453268072276797,0.0306584487046463,8,scale
Republic of Korea,Brazil,0.0,125204.0,0.0,0.0,0.0,109515.0,1322403.0,0.0,2000,2001,125204.0,1326930.0017838168,1.488169728692761,726067.0008919084,1080510.931730078,600863.0008919084,1167503873588.2014,361036345840.8295,0.14716028153426136,0.02616963475692181,9,scale
Iran (Islamic Republic of),Brazil,0.0,275619.0,243410.0,0.0,0.0,522131.0,1406663.0,0.0,2000,2001,367714.9184640188,1500440.4609080628,0.49195387891851255,934077.6896860407,459523.1426522904,566362.771222022,211161518633.03723,320766788626.28845,0.026616261610966162,0.023250705357519698,10,scale
Republic of Korea,"China, mainland",339044.0,46872.0,2769417.0,0.0,569943.0,52327.0,6035325.0,0.0,2001,2002,2790487.1148616686,6062402.246123479,0.028840853167959236,4426444.680492573,127662.44108618055,1635957.565630905,16297698864.08252,2676357156544.997,0.002400162162838609,0.20057190737683211,1,scale
"China, mainland",Argentina,0.0,5020380.0,7.0,0.0,0.0,2774135.0,11.0,0.0,2001,2002,5020380.00000488,2774135.000021809,2.5709145755561477e-06,3897257.5000133445,10.01951611147982,1123122.4999915357,100.3907031082037,1261404149987.237,1.478453916166645e-11,0.09453231446231981,2,scale
Spain,Ukraine,796003.0,0.0,0.0,0.0,2797410.0,0.0,3437.0,0.0,2001,2002,796003.0,2797412.111411009,0.0012286358705436843,1796707.5557055045,2207.4993518166475,1000704.5557055045,4873053.388270919,1001409607809.7511,7.176545877772159e-07,0.07504776954477087,3,scale
Republic of Korea,United States of America,1421360.0,1198606.0,3359773.0,0.0,1252322.0,1228576.0,982954.0,0.0,2001,2002,3839921.249760859,2010947.027043726,0.5569008579113931,2925434.1384022925,1629176.781439514,914487.1113585666,2654216985181.614,836286676840.9353,0.39088654373386006,0.06267310529823104,4,scale
Italy,Russian Federation,343678.0,0.0,0.0,0.0,1900984.0,0.0,0.0,0.0,2001,2002,343678.0,1900984.0,0.0,1122331.0,0.0,778653.0,0.0,606300494409.0,0.0,0.045437450793793153,5,scale
Malaysia,"China, mainland",0.0,2231.0,907189.0,0.0,35201.0,24621.0,2310886.0,0.0,2001,2002,907191.7432836347,2311285.228836545,0.01729510357464521,1609238.4860600897,27831.9462927145,702046.7427764551,774617234.4405444,492869629043.03015,0.00011407788254599971,0.03693670007514567,6,scale
Brazil,Argentina,6790912.0,0.0,323317.0,177798.0,5422944.0,0.0,30837.0,121783.0,2001,2002,6800928.745622689,5424398.920322324,0.04203815286111237,6112663.832972506,256965.09659909128,688264.9126501824,66031060870.18031,473708589985.36316,0.009724394541488036,0.03550073098495162,7,scale
Iran (Islamic Republic of),Canada,1670408.0,0.0,80495.0,0.0,530180.0,0.0,154815.0,0.0,2001,2002,1672346.3551217492,552321.0267815267,0.235953945466783,1112333.690951638,262459.5230556682,560012.6641701113,68885001242.60884,313614184030.9059,0.010144694349088271,0.023502915116422756,8,scale
"China, mainland",United States of America,225656.0,5726388.0,119.0,0.0,161683.0,4618411.0,47.0,0.0,2001,2002,5730832.415194236,4621240.262052926,0.004391905867125119,5176036.338623581,22732.664364053726,554796.0765706548,516774029.0887182,307798686578.19183,7.61053128849933e-05,0.02306708934721124,9,scale
Egypt,Russian Federation,19734.0,0.0,0.0,0.0,1104198.0,0.0,2762.0,0.0,2001,2002,19734.0,1104201.4543768724,0.002501357763345245,561967.7271884362,1405.6823371522776,542233.7271884362,1975942.8329818894,294017414900.66345,2.9099710721169e-07,0.022034291486252914,10,scale
"China, mainland",United States of America,161683.0,4618411.0,47.0,0.0,213294.0,8293094.0,33.0,0.0,2002,2003,4621240.262052926,8295836.4511579545,0.009280268452268675,6458538.35660544,59936.969758572646,1837298.0945525141,3592440343.840052,3375664288246.2993,0.000658080393220616,0.1788988458813421,1,scale
"China, mainland",Argentina,0.0,2774135.0,11.0,0.0,0.0,5963921.0,4.0,0.0,2002,2003,2774135.000021809,5963921.000001341,3.2945048692254613e-06,4369028.0000115745,14.393784019820512,1594892.9999897662,207.18101840924032,2543683681416.3564,3.7952409229671806e-11,0.13480667389736206,2,scale
Spain,Ukraine,2797410.0,0.0,3437.0,0.0,50850.0,0.0,36049.0,0.0,2002,2003,2797412.111411009,62331.79686965554,0.6154643231780299,1429871.9541403323,880035.1744862266,1367540.1572706767,774461908333.0034,1870166081747.9072,0.14186963411767745,0.09911250795763994,3,scale
"China, mainland",Brazil,0.0,3909441.0,0.0,0.0,0.0,6470159.0,0.0,0.0,2002,2003,3909441.0,6470159.0,0.0,5189800.0,0.0,1280359.0,0.0,1639319168881.0,0.0,0.08687839853184291,4,scale
Republic of Korea,"China, mainland",569943.0,52327.0,6035325.0,0.0,799349.0,53326.0,7774664.0,0.0,2002,2003,6062402.246123479,7815830.269329868,0.008493858988768812,6939116.257726673,58939.8749998035,876714.0116031948,3473908864.992461,768627458141.3667,0.000636367230372193,0.040734668329722,5,scale
Ukraine,Kazakhstan,0.0,0.0,0.0,0.0,1528777.0,0.0,0.0,0.0,2002,2003,0.0,1528777.0,0.0,764388.5,0.0,764388.5,0.0,584289778932.25,0.0,0.030965391752729082,6,scale
Philippines,United States of America,1439910.0,168397.0,160673.0,0.0,0.0,0.0,0.0,0.0,2002,2003,1458600.0722055377,0.0,0.0,729300.0361027688,0.0,729300.0361027688,0.0,531878542659.49994,0.0,0.02818777262956668,7,scale
Iran (Islamic Republic of),"China, mainland",0.0,0.0,0.0,0.0,0.0,0.0,1309719.0,0.0,2002,2003,0.0,1309719.0,0.0,654859.5,0.0,654859.5,0.0,428840964740.25,0.0,0.022727127791054312,8,scale
Italy,Russian Federation,1900984.0,0.0,0.0,0.0,615348.0,5650.0,0.0,0.0,2002,2003,1900984.0,615373.9380279279,0.009181538304983033,1258178.9690139638,11552.01839852577,642805.030986036,133449129.0798779,413198307860.9588,2.4445849320899635e-05,0.021898119624582622,9,scale
Iran (Islamic Republic of),Australia,1768706.0,0.0,0.0,0.0,512752.0,0.0,0.0,0.0,2002,2003,1768706.0,512752.0,0.0,1140729.0,0.0,627977.0,0.0,394355112529.0,0.0,0.02089949369209826,10,scale
Republic of Korea,"China, mainland",799349.0,53326.0,7774664.0,0.0,330232.0,64710.0,1707315.0,0.0,2003,2004,7815830.269329868,1740162.3680418446,0.09364505740703277,4777996.318685857,447435.7395539283,3037833.9506440116,200198741030.17078,9228435111685.402,0.008076334643607753,0.33840111085611746,1,scale
Malaysia,"China, mainland",5499.0,12854.0,3183369.0,0.0,12.0,3470.0,243902.0,0.0,2003,2004,3183399.7007096047,243926.6829356723,0.010325513939966998,1713663.1918226385,17694.453175572995,1469736.5088869662,313093673.18254524,2160125405555.247,1.2630695210203725e-05,0.07921048671651928,2,scale
Republic of Korea,United States of America,1363323.0,1189250.0,274771.0,0.0,1333444.0,997572.0,4397499.0,0.0,2003,2004,1829880.9434687274,4702256.9316575,1.0591940417689647,3266068.9375631134,3459400.7586735426,1436187.9940943862,11967453609111.082,2062635954380.8567,0.4827860539066349,0.0756356077500526,3,scale
"China, mainland",Canada,204327.0,13456.0,0.0,0.0,2532157.0,12978.0,0.0,0.0,2003,2004,204769.5945813245,2532190.2576885885,0.060635036761571844,1368479.9261349565,82977.83062866621,1163710.331553632,6885320375.839617,1354221735764.664,0.00027776474116463835,0.049658488593367515,4,scale
Malaysia,Australia,392143.0,20044.0,160.0,0.0,2707768.0,4454.0,3441.0,0.0,2003,2004,392654.96302097087,2707773.8495710827,0.04943218679296022,1550214.406296027,76630.48810116314,1157559.4432750558,5872231706.622505,1339943864715.2573,0.00023689513791867408,0.04913492773334027,5,scale
"China, mainland",United States of America,213294.0,8293094.0,33.0,0.0,2812493.0,10197760.0,546.0,0.0,2003,2004,8295836.4511579545,10578488.842493761,0.24339152926366642,9437162.646825857,2296925.448520895,1141326.1956679034,5275866516062.915,1302625484917.7693,0.21283682054877462,0.04776648541067284,6,scale
"China, mainland",Australia,6556.0,1.0,7.0,0.0,1783587.0,0.0,0.0,0.0,2003,2004,6556.003813299684,1783587.0,0.0010785639215469967,895071.5019066498,965.3918291613963,888515.4980933502,931981.3838115867,789459790352.0742,3.759760675088692e-08,0.02894901105097425,7,scale
Canada,United States of America,23830.0,649230.0,3734582.0,289.0,13648.0,508842.0,2052076.0,527.0,2003,2004,3790668.840725209,2114266.4534946866,0.07093837075798362,2952467.647109948,209443.24460163704,838201.1936152612,43866472709.26116,702581240978.0487,0.0017696430627467757,0.02576322740922646,8,scale
Indonesia,Australia,1307191.0,135.0,0.0,0.0,2971273.0,117.0,22.0,0.0,2003,2004,1307191.0069710547,2971273.002385005,6.43253805650435e-05,2139232.0046780296,137.60691281783517,832040.9977069751,18935.66245525529,692292221865.2185,7.638946473893841e-10,0.025385935327170994,9,scale
"China, mainland",Argentina,0.0,5963921.0,4.0,0.0,0.0,4402718.0,2.0,0.0,2003,2004,5963921.000001341,4402718.0000004545,2.159383408157448e-07,5183319.500000898,1.1192774127480898,780601.5000004433,1.2527819266880578,609338701802.9421,5.053920930437631e-14,0.022344080126503848,10,scale
Republic of Korea,"China, mainland",330232.0,64710.0,1707315.0,0.0,3936.0,79484.0,5835390.0,0.0,2004,2005,1740162.3680418446,5835932.62901929,0.1917764129676719,3788047.4985305676,726458.1614193546,2047885.1304887228,527741460292.78906,4193833507676.8135,0.03410632250989803,0.24828127164731928,1,scale
"China, mainland",Argentina,0.0,4402718.0,2.0,0.0,0.0,7396255.0,7.0,0.0,2004,2005,4402718.0000004545,7396255.000003313,4.921896626029584e-07,5899486.500001883,2.9036662699666347,1496768.500001429,8.43127780734195,2240315942596.5283,5.448877939364726e-13,0.1326300841703545,2,scale
"China, mainland",Brazil,0.0,5615937.0,0.0,0.0,0.0,7951712.0,0.0,0.0,2004,2005,5615937.0,7951712.0,0.0,6783824.5,0.0,1167887.5,0.0,1363961212656.25,0.0,0.08074856184348324,3,scale
Republic of Korea,United States of America,1333444.0,997572.0,4397499.0,0.0,1261154.0,790674.0,2162022.0,0.0,2004,2005,4702256.9316575,2624883.600176587,0.2437824473200004,3663570.265917043,893114.1253540415,1038686.6657404564,797652840906.9144,1078869989587.0266,0.05154987259824984,0.06387073126924886,4,scale
Egypt,Russian Federation,504297.0,0.0,500.0,0.0,2307969.0,0.0,49942.0,0.0,2004,2005,504297.24786974594,2308509.282702801,0.02064408343842011,1406403.2652862733,29033.90635663632,902106.0174165275,842967718.3259268,813795266659.1082,5.447843504792336e-05,0.0481779077058829,5,scale
Malaysia,India,231871.0,2968.0,1265709.0,0.0,16509.0,3168.0,4285.0,17.0,2004,2005,1286775.9099182733,17347.761210023615,1.1430006743579668,652061.8355641485,745307.1177729154,634714.0743541248,555482699802.9703,402861956183.2135,0.03589915428975032,0.023850035676524255,6,scale
Spain,France,1146893.0,10839.0,1281979.0,16126.0,1997240.0,11913.0,2144470.0,847.0,2004,2005,1720235.8099071768,2930505.389088715,0.022103768138237192,2325370.599497946,51399.452566776214,605134.7895907691,2641903724.164278,366188113573.0644,0.0001707381876088668,0.021678888857563996,7,scale
Spain,Ukraine,357559.0,0.0,6463.0,0.0,1433975.0,7022.0,322489.0,0.0,2004,2005,357617.4056865801,1469807.050000101,0.20319333559782132,913712.2278433406,185660.23535200488,556094.8221567605,34469722990.961845,309241451229.5591,0.0022276731650083983,0.01830756052113029,8,scale
Malaysia,Argentina,0.0,113034.0,626532.0,0.0,95679.0,204601.0,1722795.0,0.0,2004,2005,636646.7090781197,1737538.100954048,0.08164488271368188,1187092.405016084,96920.02017784072,550445.6959379641,9393490311.273052,302990464176.62964,0.0006070726561300241,0.01793749265560551,9,scale
"China, mainland",Canada,2532157.0,12978.0,0.0,0.0,1449175.0,12583.0,0.0,0.0,2004,2005,2532190.2576885885,1449229.6272551152,0.0035574233509621323,1990709.9424718518,7081.7980343418485,541480.3152167366,50151863.39920807,293200931767.2165,3.241162114905212e-06,0.01735793756573544,10,scale
Republic of Korea,"China, mainland",3936.0,79484.0,5835390.0,0.0,323503.0,39580.0,1981607.0,0.0,2005,2006,5835932.62901929,2008229.8349188024,0.16124317049027959,3922081.2319690464,632408.8127631107,1913851.3970502438,399940906460.44727,3662827169991.17,0.031994116519646155,0.18383987404947286,1,scale
"China, mainland",Brazil,0.0,7951712.0,0.0,0.0,0.0,11620230.0,0.0,0.0,2005,2006,7951712.0,11620230.0,0.0,9785971.0,0.0,1834259.0,0.0,3364506079081.0,0.0,0.16886692849841123,2,scale
Republic of Korea,United States of America,1261154.0,790674.0,2162022.0,0.0,1111022.0,526366.0,5803890.0,0.0,2005,2006,2624883.600176587,5932669.734827652,0.39632201651966337,4278776.667502119,1695773.397101725,1653893.0673255324,2875647414317.925,2735362278147.458,0.23004348131667227,0.13728975825401016,3,scale
India,Russian Federation,0.0,0.0,0.0,0.0,2081393.0,0.0,0.0,0.0,2005,2006,0.0,2081393.0,0.0,1040696.5,0.0,1040696.5,0.0,1083049205112.25,0.0,0.05435900199945763,4,scale
Brazil,Argentina,4519664.0,56.0,98615.0,4965.0,5973542.0,0.0,36193.0,1171.0,2005,2006,4520742.44405518,5973651.758368076,0.01578263948144752,5247197.101211628,82814.6201365196,726454.6571564479,6858261308.356038,527736368904.29224,0.0005486410814129218,0.026487459846740495,5,scale
Mexico,United States of America,2919516.0,3651989.0,5741602.0,667691.0,2194497.0,3764858.0,7603928.0,751723.0,2005,2006,7434541.151158019,8796293.613851575,0.18196298922655327,8115417.382504797,1476705.6057417034,680876.2313467781,2180659446028.9712,463592442412.9913,0.17444645266067021,0.023268031023068247,6,scale
"China, mainland",Canada,1449175.0,12583.0,0.0,0.0,92187.0,12908.0,0.0,0.0,2005,2006,1449229.6272551152,93086.30099536666,0.13043265130378112,771157.9641252409,100584.1778348813,678071.6631298743,10117176830.719025,459781180339.7137,0.0008093449035673991,0.023076741096734493,7,scale
India,Canada,0.0,0.0,0.0,0.0,1306751.0,0.0,0.0,0.0,2005,2006,0.0,1306751.0,0.0,653375.5,0.0,653375.5,0.0,426899544000.25,0.0,0.02142638862236368,8,scale
"China, mainland",Argentina,0.0,7396255.0,7.0,0.0,0.0,6216548.0,12.0,0.0,2005,2006,7396255.000003313,6216548.000011582,9.839280855190662e-07,6806401.500007447,6.697009597176428,589853.4999958654,44.84993754467318,347927151457.3724,3.587865368417963e-12,0.017462708649305287,9,scale
"China, mainland",United States of America,490340.0,11047870.0,690.0,0.0,188019.0,9883526.0,59009.0,0.0,2005,2006,11058746.101100251,9885490.346923515,0.026012322608033916,10472118.224011883,272404.1176324683,586627.8770883679,74204003303.12363,344132266177.2053,0.005936105783515632,0.017272240685745927,10,scale
"China, Taiwan Province of",United States of America,810250.0,1877981.0,5065634.0,0.0,0.0,0.0,0.0,0.0,2006,2007,5462963.071522359,0.0,0.0,2731481.5357611794,0.0,2731481.5357611794,0.0,7460991380204.251,0.0,0.29295579533111654,1,scale
Nigeria,United States of America,0.0,0.0,0.0,0.0,4726123.0,0.0,7.0,9.0,2006,2007,0.0,4726123.000013754,0.0,2363061.500006877,0.0,2363061.500006877,0.0,5584059652814.751,0.0,0.2192580789071975,2,scale
"China, mainland",Argentina,0.0,6216548.0,12.0,0.0,0.0,8277885.0,10.0,0.0,2006,2007,6216548.000011582,8277885.000006041,7.222068796189366e-07,7247216.500008811,5.233989614394234,1030668.4999972293,27.394647283586707,1062277556886.5387,2.457341622578354e-12,0.04171032382717643,3,scale
Spain,Brazil,288435.0,1793530.0,708541.0,0.0,0.0,2228028.0,2976402.0,0.0,2006,2007,1949865.369405283,3717939.971864527,0.5695930232478206,2833902.670634905,1614171.189757008,884037.3012296221,2605548629841.555,781521949965.3536,0.2337216840750418,0.030686456095940097,4,scale
"China, mainland",United States of America,188019.0,9883526.0,59009.0,0.0,16229.0,11568150.0,3620.0,0.0,2006,2007,9885490.346923515,11568161.95025558,0.01850389731124292,10726826.148589548,198488.08952905636,841335.8016660325,39397521684.89469,707845931165.0256,0.003534017753925595,0.02779356752596436,5,scale
Nigeria,Belgium,0.0,0.0,0.0,0.0,1583487.0,0.0,0.0,0.0,2006,2007,0.0,1583487.0,0.0,791743.5,0.0,791743.5,0.0,626857769792.25,0.0,0.024613567708471368,6,scale
Argentina,Paraguay,0.0,653873.0,0.0,0.0,0.0,2205775.0,0.0,0.0,2006,2007,653873.0,2205775.0,0.0,1429824.0,0.0,775951.0,0.0,602099954401.0,0.0,0.02364145219070675,7,scale
Indonesia,Australia,2950334.0,20.0,0.0,0.0,1481441.0,58.0,0.0,0.0,2006,2007,2950334.000067789,1481441.001135381,3.237217852937012e-05,2215887.500601585,71.73310577047425,734446.4994662041,5145.638463478047,539411660578.1609,4.6157161434309255e-10,0.021179996596005637,8,scale
Republic of Korea,"China, mainland",323503.0,39580.0,1981607.0,0.0,1046216.0,160322.0,3164410.0,0.0,2006,2007,2008229.8349188024,3336729.193452774,0.15991905829183237,2672479.514185788,427380.4072128049,664249.6792669859,182654012469.38293,441227636406.2936,0.016384343361883012,0.017324801297644153,9,scale
Republic of Korea,United States of America,1111022.0,526366.0,5803890.0,0.0,1214608.0,499176.0,4416668.0,0.0,2006,2007,5932669.734827652,4607754.929991828,0.08127073839449359,5270212.3324097395,428314.0477507058,662457.4024179117,183452923500.59387,438849810018.287,0.016456006899267114,0.017231435954466568,10,scale
Nigeria,United States of America,4726123.0,0.0,7.0,9.0,334487.0,1.0,3.0,196.0,2007,2008,4726123.000013754,334487.05744019453,0.000584123221219892,2530305.028726974,1478.0099240488914,2195817.9712867797,2184513.33558701,4821616563025.989,1.3745388070947005e-07,0.1611620425446568,1,scale
Republic of Korea,United States of America,1214608.0,499176.0,4416668.0,0.0,1504570.0,508788.0,8497799.0,0.0,2007,2008,4607754.929991828,8644951.356615316,0.10524894802926765,6626353.143303572,697416.697603132,2018598.213311744,486390050095.65845,4074738746785.3647,0.03060461972696385,0.1361977276052104,2,scale
"China, mainland",United States of America,16229.0,11568150.0,3620.0,0.0,373.0,15432230.0,4871.0,0.0,2007,2008,11568161.95025558,15432230.773244353,0.0013787351430710412,13500196.361749966,18613.195162304488,1932034.4114943864,346451034.1500352,3732756967198.46,2.179938128275835e-05,0.12476702145285451,3,scale
Egypt,United States of America,1601394.0,545513.0,3298793.0,0.0,0.0,0.0,0.0,0.0,2007,2008,3707301.233141704,0.0,0.0,1853650.616570852,0.0,1853650.616570852,0.0,3436020608313.5,0.0,0.11484863887928223,4,scale
Republic of Korea,"China, mainland",1046216.0,160322.0,3164410.0,0.0,16663.0,238336.0,80598.0,0.0,2007,2008,3336729.193452774,252146.27117806044,1.1925656770548174,1794437.7323154174,2139984.849171447,1542291.4611373567,4579535154683.341,2378662951097.2026,0.2881533697241173,0.07950656687713471,5,scale
Egypt,Russian Federation,2501390.0,0.0,16586.0,0.0,0.0,0.0,0.0,0.0,2007,2008,2501444.987901193,0.0,0.0,1250722.4939505965,0.0,1250722.4939505965,0.0,1564306756874.0,0.0,0.05228679402619324,6,scale
Spain,Ukraine,137229.0,8131.0,48168.0,0.0,1909369.0,0.0,145901.0,0.0,2007,2008,145664.22974086672,1914935.267825521,0.2670726715353983,1030299.7487831939,275164.9063897773,884635.5190423272,75715725708.49492,782580001551.2876,0.004764182557196335,0.02615765684724075,7,scale
"China, mainland",Argentina,0.0,8277885.0,10.0,0.0,0.0,9848096.0,5.0,0.0,2007,2008,8277885.000006041,9848096.000001268,7.001960351747852e-07,9062990.500003655,6.345870014929304,785105.499997614,40.27006624637884,616390646126.5034,2.5338718660212738e-12,0.020602794568306403,8,scale
Nigeria,Belgium,1583487.0,0.0,0.0,0.0,25000.0,0.0,3.0,0.0,2007,2008,1583487.0,25000.00018,0.00011999999856012127,804243.50009,96.50921885278689,779243.49991,9314.029323575116,607220432151.9862,5.860570657597651e-10,0.02029628110018084,9,scale
Brazil,Argentina,5630214.0,208.0,23031.0,3118.0,4234386.0,428.0,29172.0,6638.0,2007,2008,5630261.972408122,4234491.71079694,0.002977274949069688,4932376.841602531,14685.042009874685,697885.1308055911,215650458.83178434,487043655799.53705,1.356915151778707e-05,0.016279384590426438,10,scale
"China, mainland",United States of America,373.0,15432230.0,4871.0,0.0,395780.0,21809220.0,6127.0,0.0,2008,2009,15432230.773244353,21812811.74807432,0.018121241266627567,18622521.260659337,337463.2007573092,3190290.487414983,113881411865.36798,10177953394090.531,0.01622737626035233,0.23048359625624376,1,scale
"China, mainland",Argentina,0.0,9848096.0,5.0,0.0,0.0,3745107.0,3.0,0.0,2008,2009,9848096.000001268,3745107.0000012014,2.931403454081129e-07,6796601.500001235,1.9923581113116602,3051494.5000000335,3.969490843709366,9311618683530.455,5.656271767955145e-13,0.2108651197393997,2,scale
"China, mainland",Brazil,0.0,11653130.0,0.0,0.0,0.0,15993810.0,0.0,0.0,2008,2009,11653130.0,15993810.0,0.0,13823470.0,0.0,2170340.0,0.0,4710375715600.0,0.0,0.1066682360011511,3,scale
"China, Taiwan Province of",United States of America,0.0,0.0,0.0,0.0,910019.0,1731435.0,3757632.0,0.0,2008,2009,0.0,4236248.338684832,0.0,2118124.169342416,0.0,2118124.169342416,0.0,4486449996752.499,0.0,0.10159735357755868,4,scale
Republic of Korea,United States of America,1504570.0,508788.0,8497799.0,0.0,1057312.0,406101.0,5929692.0,0.0,2008,2009,8644951.356615316,6036892.735705099,0.008519730394363859,7340922.046160208,62542.676679326854,1304029.3104551085,3911586406.214815,1700492442526.026,0.0005573761630525608,0.038508293208291355,5,scale
Spain,Argentina,49.0,21592.0,2312860.0,0.0,48.0,920.0,40349.0,0.0,2008,2009,2312960.7857603207,40359.515668550834,0.013512337115194412,1176660.1507144358,15899.428626468922,1136300.6350458849,252791830.6481794,1291179133205.6812,3.6021226680267045e-05,0.029239238824285967,6,scale
Argentina,Paraguay,0.0,2828827.0,0.0,0.0,0.0,822431.0,0.0,0.0,2008,2009,2828827.0,822431.0,0.0,1825629.0,0.0,1003198.0,0.0,1006406227204.0,0.0,0.022790448880944544,7,scale
Mexico,United States of America,2734344.0,3506576.0,9141496.0,716491.0,1942718.0,3379847.0,7255491.0,739209.0,2008,2009,10190830.232380923,8269588.778633131,0.07774307463837067,9230209.505507026,717584.8665144312,960620.7268738961,514928040650.53406,922792180899.7324,0.0733739679353528,0.020896977242438802,8,scale
Egypt,Russian Federation,0.0,0.0,0.0,0.0,1599119.0,0.0,101549.0,0.0,2008,2009,0.0,1602340.0936012305,0.0,801170.0468006153,0.0,801170.0468006153,0.0,641873443890.5,0.0,0.014535466410679343,9,scale
Colombia,United States of America,1005016.0,206265.0,2647825.0,5.0,624410.0,210931.0,1225032.0,61709.0,2008,2009,2839644.2807385223,1392440.7120470158,0.14113651580831735,2116042.496392769,298650.8652432093,723601.7843457533,89192339310.51756,523599542308.35803,0.012709340583552536,0.01185710926711679,10,scale
"China, mainland",Argentina,0.0,3745107.0,3.0,0.0,0.0,11190500.0,6.0,0.0,2009,2010,3745107.0000012014,11190500.00000161,2.6488883546935366e-07,7467803.500001405,1.9781377726293357,3722696.500000204,3.9130290475029494,13858469231113.77,4.344030994196107e-13,0.4248112810124901,1,scale
Algeria,France,3747890.0,0.0,57907.0,0.0,0.0,0.0,0.0,0.0,2009,2010,3748337.3210997167,0.0,0.0,1874168.6605498584,0.0,1874168.6605498584,0.0,3512508168187.25,0.0,0.1076708451424357,2,scale
"China, mainland",Brazil,0.0,15993810.0,0.0,0.0,0.0,18587210.0,0.0,0.0,2009,2010,15993810.0,18587210.0,0.0,17290510.0,0.0,1296700.0,0.0,1681430890000.0,0.0,0.05154182604173994,3,scale
Kazakhstan,Russian Federation,78076.0,55.0,3394.0,360.0,2481514.0,0.0,0.0,0.0,2009,2010,78150.58308803588,2481514.0,0.04369216973318662,1279832.2915440178,55918.64971215441,1201681.7084559822,3126895385.630626,1444038928437.688,0.0003471308366457505,0.04426491965247282,4,scale
"China, mainland",United States of America,395780.0,21809220.0,6127.0,0.0,129526.0,23597260.0,1501779.0,0.0,2009,2010,21812811.74807432,23645354.652809016,0.06452623007163068,22729083.200441666,1466622.0519089347,916271.4523673486,2150980243145.574,839553374423.3704,0.23879007108548198,0.025735291432218848,5,scale
Spain,Ukraine,1761374.0,0.0,436618.0,0.0,66058.0,0.0,183896.0,0.0,2009,2010,1814682.794815667,195400.60946680795,0.9829498447751362,1005041.7021412374,987905.5851122681,809641.0926744295,975957445096.0128,655518698947.0442,0.10834546176494565,0.020093975285678405,6,scale
Egypt,Russian Federation,1599119.0,0.0,101549.0,0.0,0.0,0.0,0.0,0.0,2009,2010,1602340.0936012305,0.0,0.0,801170.0468006153,0.0,801170.0468006153,0.0,641873443890.5,0.0,0.01967569977605007,7,scale
Republic of Korea,United States of America,1057312.0,406101.0,5929692.0,0.0,1429981.0,730383.0,7297562.0,0.0,2009,2010,6036892.735705099,7472129.290295638,0.034985161732657186,6754511.013000369,236307.66021483202,717618.2772952695,55841310276.2085,514975991908.23035,0.006199197083680439,0.01578584237298417,8,scale
Iran (Islamic Republic of),Switzerland,0.0,0.0,0.0,0.0,82606.0,543929.0,1296839.0,0.0,2009,2010,0.0,1408713.5621544928,0.0,704356.7810772464,0.0,704356.7810772464,0.0,496118475049.50006,0.0,0.015207792535020352,9,scale
Colombia,Argentina,306066.0,28228.0,925203.0,0.0,140692.0,140470.0,2208855.0,0.0,2009,2010,974922.4623266201,2217784.135300142,0.2578895780097882,1596353.2988133812,411682.8785855162,621430.836486761,169482792520.45685,386176284536.6355,0.018815053370523638,0.011837674089021127,10,scale
Algeria,France,0.0,0.0,0.0,0.0,5660608.0,0.0,98769.0,1.0,2010,2011,0.0,5661469.618838027,0.0,2830734.8094190136,0.0,2830734.8094190136,0.0,8013059561256.499,0.0,0.23633571946996915,1,scale
Egypt,United States of America,0.0,0.0,0.0,0.0,2771233.0,485646.0,3288127.0,0.0,2010,2011,0.0,4327512.396947466,0.0,2163756.198473733,0.0,2163756.198473733,0.0,4681840886433.5,0.0,0.13808536251110495,2,scale
Egypt,Russian Federation,0.0,0.0,0.0,0.0,3777012.0,0.0,13776.0,0.0,2010,2011,0.0,3777037.122708751,0.0,1888518.5613543754,0.0,1888518.5613543754,0.0,3566502356580.0,0.0,0.1051897710219321,3,scale
"China, mainland",Argentina,0.0,11190500.0,6.0,0.0,0.0,7781391.0,26.0,0.0,2010,2011,11190500.00000161,7781391.000043437,2.8051806989823925e-06,9485945.500022523,26.60979122826206,1704554.4999790862,708.0809892116926,2905506043398.9526,1.2392541250642605e-10,0.08569446613265407,4,scale
Kazakhstan,Russian Federation,2481514.0,0.0,0.0,0.0,15374.0,1.0,18.0,24.0,2010,2011,2481514.0,15374.029302690951,0.0019524277285509152,1248444.0146513456,2437.496711748712,1233069.9853486544,5941390.219785784,1520461588767.731,1.0398375963578833e-06,0.0448442172132722,5,scale
"China, mainland",Brazil,0.0,18587210.0,0.0,0.0,0.0,20621870.0,0.0,0.0,2010,2011,18587210.0,20621870.0,0.0,19604540.0,0.0,1017330.0,0.0,1034960328900.0,0.0,0.03052493146763817,6,scale
Morocco,France,2020917.0,0.0,3642.0,165.0,0.0,0.0,0.0,0.0,2010,2011,2020920.2884522686,0.0,0.0,1010460.1442261343,0.0,1010460.1442261343,0.0,1021029703069.5001,0.0,0.030114064126250048,7,scale
Algeria,Argentina,0.0,0.0,0.0,0.0,183499.0,0.0,1787458.0,0.0,2010,2011,0.0,1796852.243442682,0.0,898426.121721341,0.0,898426.121721341,0.0,807169496191.2499,0.0,0.023806510129903327,8,scale
Egypt,Ukraine,0.0,0.0,0.0,0.0,390818.0,110133.0,1518054.0,0.0,2010,2011,0.0,1571418.4464136215,0.0,785709.2232068108,0.0,785709.2232068108,0.0,617338983432.25,0.0,0.01820768355594779,9,scale
Egypt,Argentina,0.0,0.0,0.0,0.0,374933.0,413166.0,1400791.0,0.0,2010,2011,0.0,1507811.766675801,0.0,753905.8833379005,0.0,753905.8833379005,0.0,568374080931.5,0.0,0.016763521638414627,10,scale
Egypt,United States of America,2771233.0,485646.0,3288127.0,0.0,0.0,0.0,0.0,0.0,2011,2012,4327512.396947466,0.0,0.0,2163756.198473733,0.0,2163756.198473733,0.0,4681840886433.5,0.0,0.13557833390403914,1,scale
"China, mainland",United States of America,434878.0,22226830.0,1685568.0,0.0,645107.0,25969210.0,5113036.0,0.0,2011,2012,22294892.46904788,26475633.480671335,0.11878269684153668,24385262.97485961,2896547.299343898,2090370.5058117267,8389986257336.429,4369648851567.574,0.3549266954929042,0.12653777123394017,2,scale
Egypt,Russian Federation,3777012.0,0.0,13776.0,0.0,0.0,0.0,0.0,0.0,2011,2012,3777037.122708751,0.0,0.0,1888518.5613543754,0.0,1888518.5613543754,0.0,3566502356580.0,0.0,0.10327998304493723,3,scale
"China, mainland",Brazil,0.0,20621870.0,0.0,0.0,0.0,23891340.0,0.0,0.0,2011,2012,20621870.0,23891340.0,0.0,22256605.0,0.0,1634735.0,0.0,2672358520225.0,0.0,0.07738706302818633,4,scale
Japan,United States of America,3610295.0,1894174.0,13766430.0,0.0,3232635.0,1761853.0,11127960.0,0.0,2011,2012,14357462.173873244,11721158.167964205,0.03193035125941482,13039310.170918725,416349.7539378952,1318152.0029545194,173347117604.14587,1737524702893.0112,0.007333208629592184,0.05031582876256107,5,scale
Republic of Korea,United States of America,1280221.0,552931.0,6023965.0,0.0,2399664.0,494465.0,2836027.0,0.0,2011,2012,6183272.015755655,3747790.2948070616,0.49157496868753525,4965531.155281358,2440930.8221744145,1217740.8604742968,5958143278641.063,1482892803268.681,0.25205096174170444,0.0429421119816421,6,scale
Algeria,France,5660608.0,0.0,98769.0,1.0,3243665.0,0.0,5162.0,1.0,2011,2012,5661469.618838027,3243669.1074260334,0.01585530025649401,4452569.36313203,70596.82416532464,1208900.2557059969,4983911582.229765,1461439828246.0247,0.00021083744528935648,0.0423208694658435,7,scale
Viet Nam,Australia,0.0,0.0,0.0,0.0,2156353.0,0.0,69.0,0.0,2011,2012,0.0,2156353.0011039474,0.0,1078176.5005519737,0.0,1078176.5005519737,0.0,1162464566342.5002,0.0,0.033663042583076085,8,scale
"China, mainland",Argentina,0.0,7781391.0,26.0,0.0,0.0,5896226.0,50.0,0.0,2011,2012,7781391.000043437,5896226.000212,5.13867575421457e-06,6838808.500127718,35.142419427322814,942582.4999157186,1234.9896432058758,888461769147.3656,5.224451859473954e-11,0.025728376790308895,9,scale
Spain,Ukraine,789876.0,30312.0,1116787.0,0.0,1312868.0,150881.0,2883039.0,0.0,2011,2012,1368223.7083492596,3171482.51407855,0.1898677820778465,2269853.111213905,430971.97586868354,901629.4028646452,185736843984.15714,812935580110.0568,0.007857338766071658,0.02354126383107286,10,scale
"China, mainland",Brazil,0.0,23891340.0,0.0,0.0,0.0,31809060.0,528.0,0.0,2012,2013,23891340.0,31809060.00438215,1.6599044155464043e-05,27850200.002191074,462.28669957487443,3958860.002191074,213708.9926038302,15672572516948.312,7.017551259237369e-09,0.2738036296091927,1,scale
Egypt,Ukraine,0.0,0.0,0.0,0.0,6463404.0,200084.0,1059949.0,0.0,2012,2013,0.0,6552794.576123457,0.0,3276397.2880617287,0.0,3276397.2880617287,0.0,10734779189218.25,0.0,0.18753918681076195,2,scale
Japan,United States of America,3232635.0,1761853.0,11127960.0,0.0,3229191.0,1660020.0,6446358.0,0.0,2012,2013,11721158.167964205,7398572.320322685,0.1936847161651154,9559865.244143445,1851599.7863886748,2161292.92382076,3428421768954.586,4671187102557.689,0.11257891026852776,0.0816067676114337,3,scale
"China, mainland",United States of America,645107.0,25969210.0,5113036.0,0.0,3820057.0,22237800.0,2967729.0,0.0,2012,2013,26475633.480671335,22757855.780821927,0.156803251673087,24616744.630746633,3859985.6037070774,1858888.849924704,14899488860825.89,3455467756374.389,0.48925375363642015,0.060367856819275076,4,scale
Brazil,United States of America,54508.0,0.0,198.0,369.0,3475271.0,0.0,512.0,4008.0,2012,2013,54509.60859334802,3475273.348910701,0.006609680020666782,1764891.4787520245,11665.367945752309,1710381.8701586765,136080809.30978543,2925406141767.4917,4.468478574976024e-06,0.0511075523071134,5,scale
Brazil,Argentina,5059946.0,230.0,5872.0,3909.0,2539712.0,4.0,56026.0,35046.0,2012,2013,5059950.922339168,2540571.6242121574,0.02462104297711451,3800261.273275663,93566.39613358401,1259689.6490635055,8754670485.426765,1586818011957.7375,0.00028747666694168737,0.027722094170145276,6,scale
Japan,Brazil,0.0,545322.0,1836853.0,0.0,0.0,649093.0,4374708.0,0.0,2012,2013,1916091.0801141474,4422600.1184725035,0.14129113036015395,3169345.5992933256,447800.4222261335,1253254.519179178,200525218145.90347,1570646889843.0325,0.0065846363316927285,0.027439580758574098,7,scale
Republic of Korea,United States of America,2399664.0,494465.0,2836027.0,0.0,1138458.0,553120.0,192220.0,0.0,2012,2013,3747790.2948070616,1280225.3241379035,0.7377184090092676,2514007.8094724827,1854629.8414409137,1233782.485334579,3439651848763.149,1522219221118.3704,0.11294767182479978,0.02659353768198376,8,scale
Egypt,Argentina,0.0,0.0,0.0,0.0,12344.0,537688.0,2119527.0,0.0,2012,2013,0.0,2186699.6738027376,0.0,1093349.8369013688,0.0,1093349.8369013688,0.0,1195413865852.2498,0.0,0.020884169143358635,9,scale
Egypt,Brazil,0.0,0.0,0.0,0.0,145.0,0.0,2017293.0,0.0,2012,2013,0.0,2017293.0052111915,0.0,1008646.5026055957,0.0,1008646.5026055957,0.0,1017367767218.5,0.0,0.017773660770150655,10,scale
"China, mainland",United States of America,3820057.0,22237800.0,2967729.0,0.0,862702.49,30029330.7,1027068.7,0.13,2013,2014,22757855.780821927,30059271.913849387,0.17080557488028839,26408563.84733566,4510729.929706967,3650708.06651373,20346684498754.223,13327669386908.418,0.33847548626759166,0.20275229387392504,1,scale
Egypt,Ukraine,6463404.0,200084.0,1059949.0,0.0,0.0,0.0,0.0,0.0,2013,2014,6552794.576123457,0.0,0.0,3276397.2880617287,0.0,3276397.2880617287,0.0,10734779189218.25,0.0,0.1633069550016014,2,scale
Japan,United States of America,3229191.0,1660020.0,6446358.0,0.0,2985916.05,1849019.02,12572356.07,0.0,2013,2014,7398572.320322685,13053685.423850048,0.24230160878859366,10226128.872086367,2477807.4773860136,2827556.5517636817,6139529894990.04,7995076053421.722,0.10213361134038351,0.12162816787157453,3,scale
Republic of Korea,United States of America,1138458.0,553120.0,192220.0,0.0,1276468.19,608116.7,5376989.64,0.0,2013,2014,1280225.3241379035,5559783.678306926,1.16295222306416,3420004.501222415,3977301.837586041,2139779.177084511,15818929907265.299,4578654926684.468,0.2631544216907871,0.06965454816536132,4,scale
Mexico,United States of America,2944234.0,2819713.0,6601937.0,738212.0,2940224.75,3473333.38,10401943.3,597379.47,2013,2014,7794217.366614688,11369531.784410788,0.15424857014430293,9581874.575512737,1477990.4525748894,1787657.2088980498,2184455777902.5264,3195718296525.1655,0.03633932259090559,0.04861609306063752,5,scale
Iran (Islamic Republic of),Switzerland,0.0,0.0,0.0,0.0,2036980.0,221171.0,2390055.78,0.0,2013,2014,0.0,3148105.9008795125,0.0,1574052.9504397563,0.0,1574052.9504397563,0.0,2477642690788.102,0.0,0.037692091870968884,6,scale
Japan,Brazil,0.0,649093.0,4374708.0,0.0,0.0,590604.99,1251504.02,0.0,2013,2014,4422600.1184725035,1383862.9145580356,0.2936298401666366,2903231.5165152694,852475.4061611206,1519368.601957234,726714318109.5676,2308480948613.48,0.012089192330810341,0.035118653840212774,7,scale
Colombia,United States of America,681089.0,109884.0,645755.0,8463.0,730492.64,245244.12,3856484.93,13321.65,2013,2014,945001.5141633372,3932736.662575384,0.6245222131245429,2438869.0883693607,1523127.9205894696,1493867.5742060235,2319918662479.2017,2231640329264.189,0.03859280353179835,0.03394968637985054,8,scale
Republic of Korea,Brazil,174962.0,396906.0,3940138.0,0.0,0.0,465510.59,1532177.95,0.0,2013,2014,3963941.666236273,1601333.62540988,0.1994499726801216,2782637.6458230764,554997.0024380905,1181304.0204131966,308021672715.26587,1395479188644.382,0.005124067533442121,0.021229263597197037,9,scale
Egypt,Argentina,12344.0,537688.0,2119527.0,0.0,0.0,0.0,0.0,0.0,2013,2014,2186699.6738027376,0.0,0.0,1093349.8369013688,0.0,1093349.8369013688,0.0,1195413865852.2498,0.0,0.018185692966567708,10,scale
"China, mainland",Brazil,0.0,32005475.39,0.2,0.0,0.0,40076738.26,0.01,0.0,2014,2015,32005475.39,40076738.26,0.0,36041106.825,0.0,4035631.4349999987,0.0,16286321079160.148,0.0,0.40363171969342204,1,scale
"China, mainland",Argentina,0.0,6003815.48,393.62,0.0,0.0,9436592.76,11.92,0.0,2014,2015,6003815.492903187,9436592.760007529,6.429847084910898e-05,7720204.126455357,496.3973199740607,1716388.6335521708,246410.29927743,2945989941387.0884,3.0876625238850713e-08,0.0730118840505454,2,scale
Iran (Islamic Republic of),Switzerland,2036980.0,221171.0,2390055.78,0.0,0.0,0.0,0.0,0.0,2014,2015,3148105.9008795125,0.0,0.0,1574052.9504397563,0.0,1574052.9504397563,0.0,2477642690788.102,0.0,0.06140460913227986,3,scale
"China, mainland",Ukraine,0.0,0.0,964373.0,0.0,0.0,1060.75,3850743.44,0.0,2014,2015,964373.0,3850743.5861004293,0.00027546628042034974,2407558.2930502146,663.201127881709,1443185.2930502146,439835.73602357093,2082783790076.4338,5.5113942995392457e-08,0.05161863129506018,4,scale
Brazil,Argentina,1569461.08,74.76,3638.9,4117.49,3819536.09,1049.98,2038.16,4071.49,2014,2015,1569470.7013961535,3819538.9481451153,0.0023798259023054304,2694504.8247706345,6412.452375876111,1125034.1233744808,41119545.47287918,1265701778756.9863,5.152515131392737e-06,0.03136849526025987,5,scale
Brazil,United States of America,2639554.29,0.0,760.78,19.8,451786.35,0.0,499.16,0.0,2014,2015,2639554.3997113705,451786.62575050635,0.0008166696310199245,1545670.5127309384,1262.3021673103528,1093883.886980432,1593406.761596414,1196581958195.4187,1.996630156090623e-07,0.029655465540253584,6,scale
Viet Nam,Brazil,0.0,509615.71,2939045.12,0.0,367162.05,718730.24,5086297.6,0.0,2014,2015,2982900.3317701747,5149932.466024813,0.07791155288092666,4066416.398897494,316820.8162985695,1083516.0671273193,100375429640.09192,1174007067723.0535,0.012577617629108667,0.029095981184089747,7,scale
Viet Nam,Argentina,0.0,132782.12,411926.66,0.0,0.0,28326.31,2379475.46,0.0,2014,2015,432798.6421079091,2379644.0583794094,0.2999239651863217,1406221.3502436592,421759.48329474154,973422.7081357501,177881061749.04736,947551768714.3378,0.022289518322975686,0.023483630713513764,8,scale
Republic of Korea,United States of America,1276468.19,608116.7,5376989.64,0.0,1164270.95,529647.73,3538444.01,0.0,2014,2015,5559783.678306926,3762531.0064918976,0.08988026470384929,4661157.342399412,418946.0557611498,898626.3359075142,175515797637.82443,807529291586.5646,0.021993137149918837,0.020013386392275657,9,scale
"China, mainland",United States of America,862702.49,30029330.7,1027068.7,0.13,602848.57,28413083.61,461789.16,0.0,2014,2015,30059271.913849387,28423229.863185767,0.019434394300022213,29241250.888517577,568285.9995933254,818021.0253318101,322948977333.7851,669158397884.9059,0.040467361038259674,0.016584074056552243,10,scale
"China, mainland",United States of America,602848.57,28413083.61,461789.16,0.0,862402.46,34171596.19,223031.7,0.02,2015,2016,28423229.863185767,34183204.462347314,0.010520344968494513,31303217.16276654,329320.643176002,2879987.2995807733,108452086021.85565,8294326845746.555,0.006822243098011436,0.31087349471294706,1,scale
Viet Nam,Argentina,0.0,28326.31,2379475.46,0.0,737846.0,9405.0,4381980.0,0.0,2015,2016,2379644.0583794094,4443675.71883244,0.1670991674509961,3411659.8886059243,570085.527012008,1032015.8302265152,324997508108.5589,1065056673838.1234,0.02044416191420893,0.039918596942342156,2,scale
Mexico,United States of America,2647499.35,3635104.43,11869090.81,646922.91,2690412.39,3619434.23,13893522.37,736445.64,2015,2016,12708936.341518333,14625694.47923505,0.04835103174943312,13667315.41037669,660828.8013366399,958379.0688583581,436694704676.0203,918490439625.8135,0.027470540624859312,0.03442525694213916,3,scale
Viet Nam,Brazil,367162.05,718730.24,5086297.6,0.0,333623.5,329906.0,3218820.0,0.0,2015,2016,5149932.466024813,3252836.42395191,0.04936129644158271,4201384.444988362,207385.78305412494,948548.0210364517,43008863012.97257,899743348212.1688,0.0027054981568952123,0.03372261115401815,4,scale
"China, mainland",Brazil,0.0,40076738.26,0.01,0.0,0.0,38205273.18,0.0,0.0,2015,2016,40076738.26,38205273.18,0.0,39141005.72,0.0,935732.5399999991,0.0,875595386414.85,0.0,0.0328175393605215,5,scale
Indonesia,Ukraine,664056.2,0.0,0.0,0.0,2469436.91,0.0,0.0,0.0,2015,2016,664056.2,2469436.91,0.0,1566746.5550000002,0.0,902690.3550000001,0.0,814849877010.0262,0.0,0.030540782108487263,6,scale
Iran (Islamic Republic of),Ukraine,0.0,0.0,0.0,0.0,0.0,345044.0,1446760.0,0.0,2015,2016,0.0,1487336.498421255,0.0,743668.2492106275,0.0,743668.2492106275,0.0,553042464884.0,0.0,0.02072817324184874,7,scale
"China, mainland",Argentina,0.0,9436592.76,11.92,0.0,0.0,8013855.99,11.85,0.0,2015,2016,9436592.760007529,8013855.990008761,2.159383408157448e-07,8725224.375008145,1.8841104747843527,711368.3849993837,3.549872281192119,506044979176.6314,2.2330683122410878e-13,0.018966695439456158,8,scale
Japan,Brazil,0.0,507486.02,2333471.94,0.0,0.0,524307.01,3733742.13,0.0,2015,2016,2388018.7091525905,3770375.0654374,0.07463464756032025,3079196.887294995,229814.7744520971,691178.1781424046,52814830556.46826,477727273940.25366,0.0033223483886137242,0.017905340593812682,9,scale
Iran (Islamic Republic of),Switzerland,0.0,0.0,0.0,0.0,74856.48,97875.6,1373396.92,0.0,2015,2016,0.0,1378913.4220605863,0.0,689456.7110302931,0.0,689456.7110302931,0.0,475350556384.70917,0.0,0.017816260611051134,10,scale
"China, mainland",Brazil,0.0,38205273.18,0.0,0.0,0.0,50927379.0,0.01,0.0,2016,2017,38205273.18,50927379.0,0.0,44566326.09,0.0,6361052.91,0.0,40462994123819.47,0.0,0.49282012057554725,1,scale
Egypt,Russian Federation,0.0,0.0,0.0,0.0,7839201.67,0.0,3096.42,0.0,2016,2017,0.0,7839202.281530156,0.0,3919601.140765078,0.0,3919601.140765078,0.0,15363273102686.9,0.0,0.1871173961999066,2,scale
Egypt,Ukraine,0.0,0.0,0.0,0.0,2560685.64,502233.89,3237707.26,0.0,2016,2017,0.0,4158376.8622653056,0.0,2079188.4311326528,0.0,2079188.4311326528,0.0,4323024532155.8623,0.0,0.05265239306485105,3,scale
Egypt,Argentina,0.0,0.0,0.0,0.0,122114.96,444283.16,2969182.23,0.0,2016,2017,0.0,3004720.0709322593,0.0,1502360.0354661297,0.0,1502360.0354661297,0.0,2257085676165.7905,0.0,0.027490235440154012,4,scale
Egypt,Brazil,0.0,0.0,0.0,0.0,0.0,111714.57,2383296.25,0.0,2016,2017,0.0,2385913.066399182,0.0,1192956.533199591,0.0,1192956.533199591,0.0,1423145290103.5872,0.0,0.017333236174248003,5,scale
Morocco,France,2462206.23,0.28,55284.1,0.0,585925.56,0.2,1398.63,0.0,2016,2017,2462826.8008050625,585927.2292932208,0.020062263199128266,1524377.0150491416,30582.452890617387,938449.7857559209,935286424.8068318,880688000385.3339,4.991352437749215e-05,0.010726363086508262,6,scale
South Africa,Argentina,58609.6,761.7,1819762.54,0.0,66905.84,11.71,112.93,0.0,2016,2017,1820706.2825690205,66905.93633164848,1.536912214394682,943806.1094503345,1450547.1376345432,876900.1731186861,2104086998499.7666,768953913615.5815,0.11228902174397863,0.009365494784331562,7,scale
Netherlands (Kingdom of the),Ukraine,48011.44,0.0,1083652.16,0.0,28502.87,130209.52,2582166.34,0.0,2016,2017,1084715.2171162434,2585604.3665119885,0.06034956769864817,1835159.7918141158,110751.10009392306,750444.5746978725,12265806172.014164,563167059693.4707,0.0006545905073976335,0.006859108285783833,8,scale
Uzbekistan,Kazakhstan,0.0,0.0,0.0,0.0,1473709.12,3284.0,30546.1,0.0,2016,2017,0.0,1474029.3142445928,0.0,737014.6571222964,0.0,737014.6571222964,0.0,543190604813.0961,0.0,0.0066158045185763835,9,scale
Indonesia,Australia,3499715.32,0.01,0.0,0.0,4936673.45,0.0,775.18,0.0,2016,2017,3499715.32,4936673.510861229,0.00015702476522241345,4218194.415430615,662.3609877454878,718479.0954306147,438722.0780871783,516212210570.7943,2.3413325114893114e-08,0.0062872204433905305,10,scale
"China, mainland",United States of America,1555233.43,32853002.75,756634.95,0.02,361292.21,16640130.35,312298.1,0.03,2017,2018,32898495.97110571,16646981.715291858,0.02593843396322979,24772738.843198784,642566.0505726492,8125757.127906926,412891129348.5324,66027928901730.21,0.021264528090015097,0.40366524841104234,1,scale
"China, mainland",Brazil,0.0,50927379.0,0.01,0.0,0.0,66084250.0,0.06,0.0,2017,2018,50927379.0,66084250.0,0.0,58505814.5,0.0,7578435.5,0.0,57432684627660.25,0.0,0.3511177662658751,2,scale
"China, mainland",Argentina,0.0,6581047.01,27.47,0.0,0.0,1463983.91,21.17,0.0,2017,2018,6581047.010057331,1463983.9101530649,1.028645408439969e-05,4022515.460105198,41.377420584160014,2558531.549952133,1712.0909341984689,6546083692100.465,8.81753159007482e-11,0.040019830148299025,3,scale
Algeria,Argentina,1557429.5,0.0,3301225.7,0.0,0.0,0.0,0.0,0.0,2017,2018,3650161.334764635,0.0,0.0,1825080.6673823176,0.0,1825080.6673823176,0.0,3330919442452.686,0.0,0.02036375283216858,4,scale
Algeria,France,3314989.88,0.0,220.36,0.0,0.0,0.0,0.0,0.0,2017,2018,3314989.887324084,0.0,0.0,1657494.943662042,0.0,1657494.943662042,0.0,2747289488265.236,0.0,0.016795700125444516,5,scale
Argentina,Paraguay,0.0,1629480.6,0.0,0.0,0.01,4203565.99,0.0,0.0,2017,2018,1629480.6,4203565.99,0.0,2916523.295,0.0,1287042.695,0.0,1656478898752.8633,0.0,0.010126971681148742,6,scale
Indonesia,Australia,4936673.45,0.0,775.18,0.0,2419709.02,0.0,1660.01,0.0,2017,2018,4936673.510861229,2419709.5894141016,0.0005290121602798966,3678191.550137665,1945.8080578615877,1258481.9607235638,3786168.998039084,1583776845466.6255,1.9499352562836208e-07,0.009682503819019373,7,scale
India,Ukraine,2453439.7,0.0,55499.0,0.0,0.0,0.0,0.0,0.0,2017,2018,2454067.33822385,0.0,0.0,1227033.669111925,0.0,1227033.669111925,0.0,1505611625134.273,0.0,0.009204636595143202,8,scale
Egypt,United States of America,263704.3,946940.82,297427.76,0.0,0.0,2859934.25,1766438.77,0.0,2017,2018,1026985.9526008036,3361477.3303537504,0.3577874948914965,2194231.641477277,785068.6422158113,1167245.6888764733,616332772990.5775,1362462498200.713,0.03174208558254563,0.008329486808611807,9,scale
Mexico,United States of America,3410904.0,3944087.22,14682606.49,782403.0,2804731.79,4870766.99,16947848.87,676792.24,2017,2018,15600678.763784043,17868366.476575155,0.06633684911316362,16734522.6201796,1110115.5020356777,1133843.8563955557,1232356427859.9246,1285601890685.9456,0.06346825110649759,0.007859595404450876,10,scale
"China, mainland",Brazil,0.0,66084250.0,0.06,0.0,0.0,57676480.0,0.01,0.0,2018,2019,66084250.0,57676480.0,0.0,61880365.0,0.0,4203885.0,0.0,17672649093225.0,0.0,0.24094177093554606,1,scale
"China, mainland",Argentina,0.0,1463983.91,21.17,0.0,0.0,8791570.07,153.67,0.0,2018,2019,1463983.9101530649,8791570.071343018,3.018689871703498e-06,5127776.990748041,15.479168466325353,3663793.0805949764,239.60465640888117,13423379737415.627,7.430538148730166e-12,0.18300894612982113,2,scale
Japan,Brazil,0.0,559853.0,797849.0,0.0,0.0,550638.89,4682172.0,0.0,2018,2019,974678.6180121118,4714439.29060121,0.49480238689428185,2844558.9543066607,1407494.560252438,1869880.336294549,1981040937140.204,3496452472061.0156,0.06143536806937792,0.04766922299913191,3,scale
Republic of Korea,United States of America,1366728.33,693448.06,6744083.72,0.0,1238410.5,1074419.1,2726460.63,0.0,2018,2019,6916030.780896755,3181450.0681128185,0.3286892900136152,5048740.424504787,1659466.9055935165,1867290.3563919682,2753830410760.121,3486773275074.444,0.08540085250834,0.04753726073072063,4,scale
Japan,United States of America,2869041.0,2319237.0,14514679.53,0.0,2521155.0,2485349.0,10957116.0,0.0,2018,2019,14976187.044119442,11514841.432832759,0.069137021400988,13245514.238476101,915755.4013726135,1730672.8056433415,838607955143.1165,2995228360193.3955,0.026006624812357167,0.04083573558522307,5,scale
Egypt,Russian Federation,8933184.01,0.0,0.0,0.0,5743949.1,0.0,0.0,0.0,2018,2019,8933184.01,5743949.1,0.0,7338566.555,0.0,1594617.455,0.0,2542804827790.6772,0.0,0.034667575592060774,6,scale
Republic of Korea,Brazil,0.0,472279.6,764308.42,0.0,0.0,118513.52,3712415.2,0.0,2018,2019,898451.6578308798,3714306.4051870885,0.5215773866767198,2306379.031508984,1202955.1479404399,1407927.3736781045,1447101087956.4055,1982259489552.1248,0.0448770069842868,0.027025326500121426,7,scale
Viet Nam,Argentina,175592.2,0.0,4934340.97,0.0,202243.6,120791.0,7324305.6,0.0,2018,2019,4937464.271153906,7328092.89389902,0.018307373427756943,6132778.582526463,112275.06766006186,1195314.3113725567,12605690818.071468,1428776302972.0496,0.0003909233982286905,0.019479359935958927,8,scale
Egypt,Argentina,0.0,111059.16,2355027.1,0.0,0.0,680122.0,4678844.07,0.0,2018,2019,2357644.3282977007,4728017.318735007,0.0972266600862082,3542830.823516354,344457.6082209656,1185186.4952186532,118651043861.30823,1404667028448.6748,0.0036795658357056376,0.019150663809589276,9,scale
Peru,Argentina,394563.18,0.0,224035.43,0.0,301833.32,14753.7,2759309.44,0.0,2018,2019,453731.1725096671,2775807.9202997866,0.9454412842522745,1614769.5464047268,1526669.7937243476,1161038.3738950598,2330720659070.3423,1348010105656.8848,0.07227951672901532,0.01837822617213029,10,scale
"China, mainland",United States of America,236062.7,17014644.0,317651.35,0.38,1651386.0,25887600.0,4341943.03,0.04,2019,2020,17019246.11800488,26301090.828267213,0.15530431350207288,21660168.473136045,3363917.5950596356,4640922.355131166,11315941586351.803,21538160306356.21,0.38369809644619235,0.41183190713594275,1,scale
"China, mainland",Brazil,0.0,57676480.0,0.01,0.0,0.0,64277600.0,0.3,0.0,2019,2020,57676480.0,64277600.0,0.0,60977040.0,0.0,3300560.0,0.0,10893696313600.0,0.0,0.20829874347558303,2,scale
"China, mainland",Ukraine,0.0,21638.59,4137694.5,0.0,0.0,65142.8,6297620.02,0.0,2019,2020,4137751.080467195,6297956.930679713,0.005114088606507939,5217854.005573454,26684.567720325012,1080102.9251062593,712066154.4206116,1166622328823.0977,2.4144559770835053e-05,0.02230702584402267,3,scale
"China, mainland",France,481013.0,0.0,163.04,0.0,2383500.0,0.0,169.28,0.0,2019,2020,481013.02763131226,2383500.006011269,0.00026792971876164615,1432256.5168212906,383.7440857464633,951243.4891899785,147259.523345389,904864175726.3247,4.993238818000624e-09,0.017301939157653608,4,scale
Republic of Korea,Brazil,0.0,118513.52,3712415.2,0.0,0.0,612606.22,1857309.91,0.0,2019,2020,3714306.4051870885,1955731.7000465316,0.28668622917402736,2835019.05261681,812760.9218312367,879287.3525702785,660580316055.9617,773146248390.0492,0.022398790934569663,0.014783356119580331,5,scale
Egypt,Argentina,0.0,680122.0,4678844.07,0.0,0.0,323115.58,3016469.02,0.0,2019,2020,4728017.318735007,3033725.2721132305,0.03763982207729808,3880871.2954241186,146075.30506465715,847146.0233108883,21337994749.73265,717656384811.4521,0.0007235233502200165,0.013722332521499727,6,scale
Iran (Islamic Republic of),United Arab Emirates,0.0,0.0,0.0,0.0,145610.3,427554.1,1472849.8,0.0,2019,2020,0.0,1540549.0583726764,0.0,770274.5291863382,0.0,770274.5291863382,0.0,593322850313.235,0.0,0.011344946713936481,7,scale
Iran (Islamic Republic of),United Kingdom of Great Britain and Northern Ireland,0.0,0.0,0.0,0.0,406050.9,584044.0,1320010.0,0.0,2019,2020,0.0,1499470.282275314,0.0,749735.141137657,0.0,749735.141137657,0.0,562102781856.7024,0.0,0.010747986706652382,8,scale
Iran (Islamic Republic of),Türkiye,0.0,0.0,0.0,0.0,745393.0,306954.8,1234721.78,0.0,2019,2020,0.0,1474574.463259963,0.0,737287.2316299815,0.0,737287.2316299815,0.0,543592461924.60205,0.0,0.010394050239892793,9,scale
Argentina,Paraguay,0.0,3448912.45,0.0,0.0,0.0,4913114.68,0.0,0.0,2019,2020,3448912.45,4913114.68,0.0,4181013.565,0.0,732101.1149999998,0.0,535972042584.24286,0.0,0.010248339938480022,10,scale
"China, mainland",United States of America,1651386.0,25887600.0,4341943.03,0.04,2726483.69,32295733.4,19827131.0,0.07,2020,2021,26301090.828267213,37994252.62913948,0.38364116841710805,32147671.72870335,12333170.343889385,5846580.900436135,152107090731392.62,34182508225344.605,0.8951507330573425,0.4331029831223602,1,scale
"China, mainland",Brazil,0.0,64277600.0,0.3,0.0,0.0,58146822.01,0.22,0.0,2020,2021,64277600.0,58146822.01,0.0,61212211.004999995,0.0,3065388.995000001,0.0,9396609690667.117,0.0,0.1190579597446547,2,scale
Iran (Islamic Republic of),United Arab Emirates,145610.3,427554.1,1472849.8,0.0,1138680.23,816709.04,5628024.05,0.0,2020,2021,1540549.0583726764,5799850.08682026,0.17127151490081774,3670199.572596468,628600.6407869309,2129650.5142237917,395138765597.7402,4535411312733.66,0.0023253929450850405,0.057465068282362565,3,scale
Indonesia,Australia,830836.7,0.03,900.08,0.08,4692612.19,0.0,300.0,0.04,2020,2021,830837.1875469366,4692612.199589542,0.001019410951182717,2761724.6935682395,2815.3323967751962,1930887.5060213027,7926096.504331971,3728326560909.166,4.664510419612996e-08,0.047239054107411416,4,scale
"China, mainland",Argentina,0.0,7455650.08,71.98,0.0,0.0,3746496.0,389.97,0.0,2020,2021,7455650.080347463,3746496.0202958444,9.44348379382611e-05,5601073.0503216535,528.9364257874871,1854577.030025809,279773.74252484186,3439455960299.3506,1.646469401966028e-09,0.04357897398585686,5,scale
Japan,Brazil,0.0,447855.0,5527171.0,0.0,0.0,495429.0,2347057.0,0.0,2020,2021,5545285.688246008,2398776.032748785,0.127180078042839,3972030.8604973964,505163.1948266239,1573254.8277486116,255189853407.44156,2475130753034.3135,0.0015017931330358542,0.031360674462216055,6,scale
Egypt,Russian Federation,5416203.49,0.0,1077.42,0.0,2766270.21,5871.73,13528.88,0.0,2020,2021,5416203.597163057,2766309.5239941413,0.005149498009537231,4091256.560578599,21067.917515205634,1324947.0365844578,443857148.42750835,1755484649753.9368,2.612100789497416e-06,0.022242535089049238,7,scale
Mexico,United States of America,2980240.83,3640223.7,14699927.06,651416.98,3926998.06,3897870.89,17113135.3,736551.0,2020,2021,15448147.579628872,18000461.61658251,0.03169069614209,16724304.598105691,530004.855206326,1276157.0184768187,280905146542.27856,1628576735807.6433,0.0016531277183582662,0.02063457245068374,8,scale
Viet Nam,Australia,777230.16,0.0,0.0,0.0,3148320.57,149.06,0.0,0.0,2020,2021,777230.16,3148320.573528688,4.734587852816096e-05,1962775.366764344,92.9293240928912,1185545.206764344,8635.85927636161,1405517437281.911,5.082206046177247e-11,0.01780834194214996,9,scale
Viet Nam,Argentina,281083.4,72064.89,7995286.7,0.0,198395.7,12864.62,5852779.3,0.0,2020,2021,8000550.646132,5856155.0429214835,0.006925852807471559,6928352.844526742,47984.751999419095,1072197.8016052581,2302536424.445755,1149608125767.1484,1.355043448877473e-05,0.014565891578497175,10,scale
"China, mainland",United States of America,2726483.69,32295733.4,19827131.0,0.07,625605.91,29532989.56,14864676.0,0.01,2021,2022,37994252.62913948,33068828.943442672,0.09943562098595907,35531540.78629108,3533100.8226727857,2462711.8428484052,12482801423171.115,6064949620905.788,0.39892988654601164,0.16104700836804706,1,scale
"China, mainland",Brazil,0.0,58146822.01,0.22,0.0,0.0,54393540.0,0.02,0.0,2021,2022,58146822.01,54393540.0,0.0,56270181.004999995,0.0,1876641.004999999,0.0,3521781461647.4062,0.0,0.09351641876287453,2,scale
"China, mainland",Australia,2735586.41,0.0,0.0,0.0,5719484.51,0.0,0.0,0.0,2021,2022,2735586.41,5719484.51,0.0,4227535.46,0.0,1491949.0499999998,0.0,2225911967795.902,0.0,0.05910625573351835,3,scale
"China, mainland",Ukraine,0.0,63156.8,8233917.1,0.0,0.0,67127.67,5263938.31,0.0,2021,2022,8234159.312951058,5264366.310921503,0.005081503055579117,6749262.811936281,34296.39960176071,1484896.5010147775,1176243025.6436524,2204917618725.929,3.7590800403148204e-05,0.05854877754792896,4,scale
Indonesia,Ukraine,3074907.46,0.0,27834.4,0.0,166758.44,0.0,33000.0,0.0,2021,2022,3075033.4374421057,169992.2860344951,0.18631502466581523,1622512.8617383004,302298.5238553739,1452520.5757038053,91384397525.13806,2109816022842.914,0.0029204956564563953,0.05602347586113619,5,scale
Argentina,Paraguay,0.0,4601769.12,0.01,0.0,0.0,1739714.2,0.0,0.0,2021,2022,4601769.12,1739714.2,0.0,3170741.66,0.0,1431027.46,0.0,2047839591274.0515,0.0,0.05437777069994449,6,scale
Morocco,France,1094744.81,0.12,1060.83,0.0,3161138.1,0.02,8841.49,0.0,2021,2022,1094745.3239828155,3161150.464501339,0.0018279051971628274,2127947.894242077,3889.6870151767876,1033202.5702592618,15129665.076034907,1067507551190.3447,4.835193133055917e-07,0.028346302653018428,7,scale
Canada,United States of America,217699.03,441214.63,2841521.29,253.91,96710.39,432302.49,4872603.56,225.14,2021,2022,2883800.7079863427,4892699.034889315,0.08602075248921934,3888249.871437829,334470.1798071924,1004449.1634514863,111870301180.25563,1008918121958.3906,0.0035751915811835597,0.02679053502268675,8,scale
Poland,Ukraine,3118.49,5428.54,6234.15,439.42,522878.19,123191.48,1847920.59,0.0,2021,2022,8846.001501842513,1924418.9380870827,0.6235734923739111,966632.4697944626,602766.3850317522,957786.4682926201,363327314924.2465,917354918844.4503,0.011611345851641032,0.024359190846757115,9,scale
Republic of Korea,United States of America,1813009.88,545857.14,3256983.6,0.0,1164668.84,635477.08,1488276.53,0.01,2021,2022,3767347.4770633457,1993803.3142266348,0.23452348472372447,2880575.3956449903,675562.5797960844,886772.0814183555,456384799220.74097,786364724383.0425,0.014585310620779128,0.02088091315903448,10,scale
"China, mainland",Brazil,0.0,54393540.0,0.02,0.0,0.0,71592496.82,11920902.82,0.0,2022,2023,54393540.0,72578189.0444064,0.16499673239502075,63485864.5222032,10474960.199436503,9092324.5222032,109724791179778.81,82670365217057.64,0.6384707849745309,0.578087511269812,1,scale
Iran (Islamic Republic of),United Arab Emirates,793160.0,1182265.8,5771699.25,0.0,0.0,0.0,0.0,0.0,2022,2023,5944692.375548141,0.0,0.0,2972346.1877740705,0.0,2972346.1877740705,0.0,8834841859975.05,0.0,0.061779232859147035,2,scale
"China, mainland",United States of America,625605.91,29532989.56,14864676.0,0.01,925203.85,26506551.32,7144210.61,0.0,2022,2023,33068828.943442672,27468036.156301476,0.20349782070459446,30268432.549872074,6159560.060042978,2800396.393570598,37940180133276.66,7842219961123.213,0.2207677620646266,0.05483814433688688,3,scale
Argentina,Paraguay,0.0,1739714.2,0.0,0.0,0.0,5829120.0,0.0,0.0,2022,2023,1739714.2,5829120.0,0.0,3784417.1,0.0,2044702.9,0.0,4180809949268.4097,0.0,0.029235071265488525,4,scale
Argentina,Brazil,0.27,299802.08,1442.29,1.42,4.27,4081112.1,2635.24,4.0,2022,2023,299805.54927295767,4081112.950812621,0.0041650557045323335,2190459.250042789,9123.384794936335,1890653.7007698317,83236150.11647552,3574571416234.66,4.843376736625579e-07,0.024995838453619555,5,scale
Japan,Brazil,0.0,596582.0,3497580.0,0.0,0.0,645822.0,6643394.14,0.0,2022,2023,3548094.691397624,6674711.361180373,0.07203588058268423,5111403.026288998,368204.41801172507,1563308.3348913742,135574493443.35316,2443932949940.841,0.0007888860149159645,0.017089644070546355,6,scale
Japan,United States of America,2153571.0,2576171.0,9902549.73,0.0,1941688.01,2167712.0,6742284.48,0.0,2022,2023,10456338.567032203,7343536.454077873,0.08147757810811507,8899937.510555038,725145.3536735913,1556401.0564771648,525835783954.39777,2422384248603.235,0.0030597532439044094,0.016938960871135705,7,scale
Türkiye,Russian Federation,6285727.96,5246.6,1147658.72,8634.24,8986138.78,5722.21,1726678.88,9295.24,2022,2023,6389647.768197378,9150531.638830164,0.00925107995861037,7770089.703513771,71881.72113278105,1380441.9353163932,5166981833.010902,1905619936780.069,3.0065830259511835e-05,0.01332539276664556,8,scale
Viet Nam,Argentina,241385.8,601.87,5671049.45,0.0,22274.0,0.0,3153487.07,0.0,2022,2023,5676184.398963307,3153565.7329019136,0.03547587970646556,4414875.06593261,156621.5767580995,1261309.3330306967,24530318306.19325,1590901233590.341,0.0001427379484274347,0.011124665197590701,9,scale
Spain,Ukraine,1017543.91,26673.28,3132293.83,0.0,4097764.75,21005.6,3894140.61,0.0,2022,2023,3293534.8351125903,5653003.473555017,0.4967800389606053,4473269.154333804,2222230.824771221,1179734.3192212135,4938309838563.38,1391773063948.34,0.028735224967610332,0.009732225383035418,10,scale
Mexico,United States of America,3035658.18,2585370.94,17520354.38,349212.0,4019300.88,2861472.02,23784480.45,661140.3,2023,2024,17971759.237896733,24299823.424418703,0.027737215440788717,21135791.331157718,586247.9976638762,3164032.093260985,343686714764.9042,10011099087185.49,0.004335878850140121,0.13113801212850548,1,scale
"China, mainland",United States of America,925203.85,26506551.32,7144210.61,0.0,1901866.02,22134149.0,2072514.51,0.0,2023,2024,27468036.156301476,22312170.730486806,0.1772793978221843,24890103.44339414,4412502.550176789,2577932.712907335,19470178755316.668,6645737072277.771,0.2456316541981322,0.08705425260476929,2,scale
Japan,United States of America,1941688.01,2167712.0,6742284.48,0.0,2112680.0,2083906.0,11685262.0,0.0,2023,2024,7343536.454077873,12056178.043139542,0.15995154352257845,9699857.248608708,1551507.1388636339,2356320.794530834,2407174401944.8193,5552247686738.421,0.03036840276218044,0.07273034840060401,3,scale
Türkiye,Russian Federation,8986138.78,5722.21,1726678.88,9295.24,4746724.67,0.0,1464218.97,0.0,2023,2024,9150531.638830164,4967427.129298876,0.10937968389688771,7058979.38406452,772108.9336636242,2091552.2547656442,596152205443.1788,4374590834415.25,0.0075209300447170516,0.05730391247801328,4,scale
Viet Nam,Brazil,262105.7,991236.3,3929560.55,0.0,0.0,0.0,0.0,0.0,2023,2024,4061119.909153937,0.0,0.0,2030559.9545769684,0.0,2030559.9545769684,0.0,4123173729131.62,0.0,0.05401053388742461,5,scale
Argentina,Brazil,4.27,4081112.1,2635.24,4.0,0.5,234462.43,5160.47,4.08,2023,2024,4081112.950812621,234519.21360311226,0.02136053214665404,2157816.0822078665,46092.09979056821,1923296.8686047543,2124481663.103698,3699070844784.8535,2.680201100255759e-05,0.04845509899392819,6,scale
"China, mainland",Australia,6937121.02,0.0,0.0,0.0,3356572.31,0.0,0.0,0.0,2023,2024,6937121.02,3356572.31,0.0,5146846.665,0.0,1790274.3549999997,0.0,3205082266170.665,0.0,0.041984213065272086,7,scale
Egypt,Russian Federation,5505092.83,794.66,23388.41,0.0,9012082.58,424.27,5214.65,0.0,2023,2024,5505142.570008906,9012084.098659927,0.0036711388150292832,7258613.334334416,26647.377154964204,1753470.7643255107,710082709.2389082,3074659721344.2905,8.958253166536352e-06,0.04027577395021383,8,scale
Japan,Brazil,0.0,645822.0,6643394.14,0.0,0.0,741037.0,3231189.0,0.0,2023,2024,6674711.361180373,3315074.386660124,0.1285321624445913,4994892.873920249,642004.382264049,1679818.4872601242,412169626846.24316,2821790150140.892,0.005199844774143317,0.03696336912766562,9,scale
Viet Nam,Argentina,22274.0,0.0,3153487.07,0.0,0.0,0.0,0.0,0.0,2023,2024,3153565.7329019136,0.0,0.0,1576782.8664509568,0.0,1576782.8664509568,0.0,2486244207933.296,0.0,0.03256796484131553,10,scale
