country,year,month,value
Chile,2015,Feb,432.4
Chile,2015,Mar,370.8
Chile,2015,Apr,313.4
Chile,2015,May,263.9
Chile,2015,Jun,284.0
Chile,2015,Jul,331.1
Chile,2015,Aug,294.7
Chile,2015,Sep,300.5
Chile,2015,Oct,360.3
Chile,2015,Nov,401.3
Chile,2015,Dec,565.3
Chile,2016,Jan,730.8
Chile,2016,Feb,599.4
Chile,2016,Mar,510.7
Chile,2016,Apr,374.2
Chile,2016,May,320.4
Chile,2016,Jun,301.8
Chile,2016,Jul,440.9
Chile,2016,Aug,370.8
Chile,2016,Sep,403.2
Chile,2016,Oct,456.3
Chile,2016,Nov,474.3
Chile,2016,Dec,657.8
Chile,2017,Jan,964.0
Chile,2017,Feb,709.0
Chile,2017,Mar,521.1
Chile,2017,Apr,469.6
Chile,2017,May,358.0
Chile,2017,Jun,322.6
Chile,2017,Jul,491.2
Chile,2017,Aug,480.2
Chile,2017,Sep,442.5
Chile,2017,Oct,481.8
Chile,2017,Nov,517.2
Chile,2017,Dec,692.7
Chile,2018,Jan,893.3
Chile,2018,Feb,683.0
Chile,2018,Mar,574.3
Chile,2018,Apr,436.3
Chile,2018,May,329.5
Chile,2018,Jun,281.4
Chile,2018,Jul,409.8
Chile,2018,Aug,372.4
Chile,2018,Sep,351.6
Chile,2018,Oct,369.4
Chile,2018,Nov,464.0
Chile,2018,Dec,557.9
Chile,2019,Jan,625.4
Chile,2019,Feb,436.8
Chile,2019,Mar,454.8
Chile,2019,Apr,377.7
Chile,2019,May,306.5
Chile,2019,Jun,300.0
Chile,2019,Jul,376.0
Chile,2019,Aug,322.9
Chile,2019,Sep,288.5
Chile,2019,Oct,306.1
Chile,2019,Nov,292.2
Chile,2019,Dec,431.1
Chile,2020,Jan,509.1
Chile,2020,Feb,399.8
Chile,2020,Mar,168.3
Chile,2020,Apr,0.0
Chile,2020,May,0.0
Chile,2020,Jun,0.0
Chile,2020,Jul,0.0
Chile,2020,Aug,0.0
Chile,2020,Sep,0.0
Chile,2020,Oct,0.0
Chile,2020,Nov,8.7
Chile,2020,Dec,33.3
Chile,2021,Jan,22.4
Chile,2021,Feb,20.5
Chile,2021,Mar,22.7
Chile,2021,Apr,0.0
Chile,2021,May,0.0
Chile,2021,Jun,0.0
Chile,2021,Jul,0.0
Chile,2021,Aug,0.0
Chile,2021,Sep,0.0
Chile,2021,Oct,16.4
Chile,2021,Nov,35.9
Chile,2021,Dec,72.1
Chile,2022,Jan,69.7
Chile,2022,Feb,70.3
Chile,2022,Mar,81.2
Chile,2022,Apr,95.7
Chile,2022,May,123.3
Chile,2022,Jun,127.1
Chile,2022,Jul,169.6
Chile,2022,Aug,174.1
Chile,2022,Sep,203.5
Chile,2022,Oct,254.8
Chile,2022,Nov,284.1
Chile,2022,Dec,376.9
Chile,2023,Jan,477.5
Chile,2023,Feb,351.8
Chile,2023,Mar,307.7
Chile,2023,Apr,268.6
Chile,2023,May,224.4
Chile,2023,Jun,202.7
Chile,2023,Jul,267.8
Chile,2023,Aug,256.1
Chile,2023,Sep,255.7
Chile,2023,Oct,330.7
Chile,2023,Nov,347.8
Chile,2023,Dec,439.6
Chile,2024,Jan,506.2
Chile,2024,Feb,419.2
Chile,2024,Mar,451.2
Chile,2024,Apr,395.6
Chile,2024,May,335.4
Chile,2024,Jun,281.8
Chile,2024,Jul,460.3
Chile,2024,Aug,398.0
Chile,2024,Sep,381.7
Chile,2024,Oct,456.6
Chile,2024,Nov,505.6
Chile,2024,Dec,647.7
Chile,2025,Jan,846.8
Chile,2025,Feb,648.9
Chile,2025,Mar,535.5
Chile,2025,Apr,465.1
Chile,2025,May,373.6
Chile,2025,Jun,299.2
China,2015,Feb,3738.0
China,2015,Mar,4782.0
China,2015,Apr,5145.0
China,2015,May,4844.0
China,2015,Jun,4578.0
China,2015,Jul,4617.0
China,2015,Aug,4806.0
China,2015,Sep,4811.0
China,2015,Oct,5204.0
China,2015,Nov,4900.0
China,2015,Dec,4868.0
China,2016,Jan,4630.0
China,2016,Feb,4096.0
China,2016,Mar,4978.0
China,2016,Apr,5356.0
China,2016,May,5043.0
China,2016,Jun,4766.0
China,2016,Jul,4806.0
China,2016,Aug,5002.0
China,2016,Sep,5008.0
China,2016,Oct,5417.0
China,2016,Nov,5100.0
China,2016,Dec,5067.0
China,2017,Jan,4830.0
China,2017,Feb,4273.0
China,2017,Mar,5193.0
China,2017,Apr,5588.0
China,2017,May,5261.0
China,2017,Jun,4972.0
China,2017,Jul,4841.0
China,2017,Aug,5039.0
China,2017,Sep,5045.0
China,2017,Oct,5457.0
China,2017,Nov,5138.0
China,2017,Dec,5104.0
China,2018,Jan,4926.0
China,2018,Feb,4359.0
China,2018,Mar,5297.0
China,2018,Apr,5700.0
China,2018,May,5367.0
China,2018,Jun,5072.0
China,2018,Jul,4978.0
China,2018,Aug,5182.0
China,2018,Sep,5188.0
China,2018,Oct,5850.0
China,2018,Nov,5508.0
China,2018,Dec,5473.0
China,2019,Jan,5176.0
China,2019,Feb,4582.0
China,2019,Mar,5834.0
China,2019,Apr,6147.0
China,2019,May,5651.0
China,2019,Jun,5597.0
China,2019,Jul,5061.0
China,2019,Aug,5268.0
China,2019,Sep,5274.0
China,2019,Oct,5947.0
China,2019,Nov,5600.0
China,2019,Dec,5563.0
China,2020,Jan,4249.0
China,2020,Feb,360.7
China,2020,Mar,323.6
China,2020,Apr,66.4
China,2020,May,105.4
China,2020,Jun,151.3
China,2020,Jul,300.3
China,2020,Aug,425.9
China,2020,Sep,464.8
China,2020,Oct,491.8
China,2020,Nov,502.2
China,2020,Dec,525.1
China,2021,Jan,508.4
Colombia,2015,Feb,226.0
Colombia,2015,Mar,235.4
Colombia,2015,Apr,210.0
Colombia,2015,May,224.9
Colombia,2015,Jun,238.7
Colombia,2015,Jul,282.8
Colombia,2015,Aug,270.5
Colombia,2015,Sep,226.3
Colombia,2015,Oct,236.8
Colombia,2015,Nov,254.2
Colombia,2015,Dec,363.4
Colombia,2016,Jan,253.2
Colombia,2016,Feb,257.7
Colombia,2016,Mar,264.8
Colombia,2016,Apr,230.6
Colombia,2016,May,232.2
Colombia,2016,Jun,262.4
Colombia,2016,Jul,296.1
Colombia,2016,Aug,314.0
Colombia,2016,Sep,272.0
Colombia,2016,Oct,267.8
Colombia,2016,Nov,286.4
Colombia,2016,Dec,388.8
Colombia,2017,Jan,270.9
Colombia,2017,Feb,283.1
Colombia,2017,Mar,282.5
Colombia,2017,Apr,276.2
Colombia,2017,May,270.1
Colombia,2017,Jun,292.6
Colombia,2017,Jul,333.4
Colombia,2017,Aug,331.4
Colombia,2017,Sep,274.3
Colombia,2017,Oct,276.5
Colombia,2017,Nov,313.4
Colombia,2017,Dec,437.1
Colombia,2018,Jan,305.6
Colombia,2018,Feb,320.6
Colombia,2018,Mar,338.3
Colombia,2018,Apr,292.2
Colombia,2018,May,289.1
Colombia,2018,Jun,314.7
Colombia,2018,Jul,350.8
Colombia,2018,Aug,349.4
Colombia,2018,Sep,287.2
Colombia,2018,Oct,282.3
Colombia,2018,Nov,412.1
Colombia,2018,Dec,481.6
Colombia,2019,Jan,328.5
Colombia,2019,Feb,356.1
Colombia,2019,Mar,356.9
Colombia,2019,Apr,314.5
Colombia,2019,May,321.3
Colombia,2019,Jun,336.9
Colombia,2019,Jul,374.5
Colombia,2019,Aug,361.1
Colombia,2019,Sep,305.3
Colombia,2019,Oct,307.8
Colombia,2019,Nov,338.8
Colombia,2019,Dec,471.9
Colombia,2020,Jan,345.5
Colombia,2020,Feb,377.4
Colombia,2020,Mar,182.3
Colombia,2020,Apr,0.7
Colombia,2020,May,1.3
Colombia,2020,Jun,3.1
Colombia,2020,Jul,3.2
Colombia,2020,Aug,3.1
Colombia,2020,Sep,11.5
Colombia,2020,Oct,55.6
Colombia,2020,Nov,90.3
Colombia,2020,Dec,176.2
Colombia,2021,Jan,91.0
Colombia,2021,Feb,79.7
Colombia,2021,Mar,111.9
Colombia,2021,Apr,89.8
Colombia,2021,May,88.7
Colombia,2021,Jun,139.4
Colombia,2021,Jul,188.5
Colombia,2021,Aug,197.1
Colombia,2021,Sep,205.0
Colombia,2021,Oct,223.6
Colombia,2021,Nov,293.4
Colombia,2021,Dec,430.7
Colombia,2022,Jan,275.5
Colombia,2022,Feb,291.3
Colombia,2022,Mar,335.6
Colombia,2022,Apr,349.7
Colombia,2022,May,336.3
Colombia,2022,Jun,368.6
Colombia,2022,Jul,439.6
Colombia,2022,Aug,419.0
Colombia,2022,Sep,376.0
Colombia,2022,Oct,382.5
Colombia,2022,Nov,427.3
Colombia,2022,Dec,552.4
Colombia,2023,Jan,435.6
Colombia,2023,Feb,427.8
Colombia,2023,Mar,451.7
Colombia,2023,Apr,332.8
Colombia,2023,May,510.0
Colombia,2023,Jun,481.4
Colombia,2023,Jul,564.1
Colombia,2023,Aug,520.7
Colombia,2023,Sep,444.1
Colombia,2023,Oct,453.4
Colombia,2023,Nov,530.1
Colombia,2023,Dec,673.3
Colombia,2024,Jan,526.0
Colombia,2024,Feb,523.9
Colombia,2024,Mar,543.2
Colombia,2024,Apr,490.6
Colombia,2024,May,509.0
Colombia,2024,Jun,553.4
Colombia,2024,Jul,862.1
Colombia,2024,Aug,605.3
Colombia,2024,Sep,211.7
Colombia,2024,Oct,511.4
Colombia,2024,Nov,574.2
Colombia,2024,Dec,921.2
Colombia,2025,Jan,490.2
Colombia,2025,Feb,512.7
Colombia,2025,Mar,547.2
Colombia,2025,Apr,517.1
Colombia,2025,May,519.0
Colombia,2025,Jun,561.5
Colombia,2025,Jul,624.3
Colombia,2025,Aug,498.3
Cook Islands,2015,Feb,5.6
Cook Islands,2015,Mar,8.5
Cook Islands,2015,Apr,9.1
Cook Islands,2015,May,10.4
Cook Islands,2015,Jun,12.0
Cook Islands,2015,Jul,14.4
Cook Islands,2015,Aug,12.7
Cook Islands,2015,Sep,12.1
Cook Islands,2015,Oct,13.3
Cook Islands,2015,Nov,9.4
Cook Islands,2015,Dec,11.1
Cook Islands,2016,Jan,8.2
Cook Islands,2016,Feb,6.1
Cook Islands,2016,Mar,9.9
Cook Islands,2016,Apr,11.3
Cook Islands,2016,May,12.3
Cook Islands,2016,Jun,14.4
Cook Islands,2016,Jul,16.5
Cook Islands,2016,Aug,14.4
Cook Islands,2016,Sep,14.9
Cook Islands,2016,Oct,14.2
Cook Islands,2016,Nov,11.1
Cook Islands,2016,Dec,13.1
Cook Islands,2017,Jan,10.0
Cook Islands,2017,Feb,7.7
Cook Islands,2017,Mar,11.0
Cook Islands,2017,Apr,13.2
Cook Islands,2017,May,13.4
Cook Islands,2017,Jun,15.7
Cook Islands,2017,Jul,16.4
Cook Islands,2017,Aug,15.9
Cook Islands,2017,Sep,15.7
Cook Islands,2017,Oct,15.4
Cook Islands,2017,Nov,12.7
Cook Islands,2017,Dec,14.3
Cook Islands,2018,Jan,9.5
Cook Islands,2018,Feb,8.5
Cook Islands,2018,Mar,12.0
Cook Islands,2018,Apr,13.2
Cook Islands,2018,May,15.2
Cook Islands,2018,Jun,16.1
Cook Islands,2018,Jul,18.3
Cook Islands,2018,Aug,16.8
Cook Islands,2018,Sep,16.5
Cook Islands,2018,Oct,15.5
Cook Islands,2018,Nov,13.1
Cook Islands,2018,Dec,14.1
Cook Islands,2019,Jan,10.1
Cook Islands,2019,Feb,7.6
Cook Islands,2019,Mar,10.7
Cook Islands,2019,Apr,13.7
Cook Islands,2019,May,14.4
Cook Islands,2019,Jun,15.9
Cook Islands,2019,Jul,18.6
Cook Islands,2019,Aug,18.5
Cook Islands,2019,Sep,17.9
Cook Islands,2019,Oct,16.1
Cook Islands,2019,Nov,13.4
Cook Islands,2019,Dec,14.6
Cook Islands,2020,Jan,9.9
Cook Islands,2020,Feb,9.0
Cook Islands,2020,Mar,5.8
Cook Islands,2020,Apr,0.0
Cook Islands,2020,May,0.0
Cook Islands,2020,Jun,0.1
Cook Islands,2020,Jul,0.2
Cook Islands,2020,Aug,0.0
Cook Islands,2020,Sep,0.0
Cook Islands,2020,Oct,0.0
Cook Islands,2020,Nov,0.1
Cook Islands,2020,Dec,0.1
Cook Islands,2021,Jan,0.1
Cook Islands,2021,Feb,0.1
Cook Islands,2021,Mar,0.1
Cook Islands,2021,Apr,0.2
Cook Islands,2021,May,1.5
Cook Islands,2021,Jun,6.1
Cook Islands,2021,Jul,12.4
Cook Islands,2021,Aug,5.9
Cook Islands,2021,Sep,0.0
Cook Islands,2021,Oct,0.0
Cook Islands,2021,Nov,0.0
Cook Islands,2021,Dec,0.1
Cook Islands,2022,Jan,3.6
Cook Islands,2022,Feb,3.2
Cook Islands,2022,Mar,3.6
Cook Islands,2022,Apr,8.1
Cook Islands,2022,May,9.0
Cook Islands,2022,Jun,14.0
Cook Islands,2022,Jul,15.0
Cook Islands,2022,Aug,13.2
Cook Islands,2022,Sep,12.9
Cook Islands,2022,Oct,11.9
Cook Islands,2022,Nov,9.3
Cook Islands,2022,Dec,9.9
Cook Islands,2023,Jan,7.0
Cook Islands,2023,Feb,6.0
Cook Islands,2023,Mar,7.9
Cook Islands,2023,Apr,9.9
Cook Islands,2023,May,11.1
Cook Islands,2023,Jun,13.4
Cook Islands,2023,Jul,16.2
Cook Islands,2023,Aug,15.5
Cook Islands,2023,Sep,15.7
Cook Islands,2023,Oct,15.0
Cook Islands,2023,Nov,12.5
Cook Islands,2023,Dec,13.3
Cook Islands,2024,Jan,10.5
Cook Islands,2024,Feb,7.3
Cook Islands,2024,Mar,11.6
Cook Islands,2024,Apr,14.0
Cook Islands,2024,May,15.8
Cook Islands,2024,Jun,16.2
Cook Islands,2024,Jul,17.3
Cook Islands,2024,Aug,16.8
Cook Islands,2024,Sep,17.4
Cook Islands,2024,Oct,16.4
Cook Islands,2024,Nov,13.4
Cook Islands,2024,Dec,13.8
Cook Islands,2025,Jan,12.3
Cook Islands,2025,Feb,9.4
Cook Islands,2025,Mar,11.6
Cook Islands,2025,Apr,14.7
Cook Islands,2025,May,15.8
Cook Islands,2025,Jun,16.9
Cook Islands,2025,Jul,20.0
Cook Islands,2025,Aug,18.8
Cook Islands,2025,Sep,18.4
Costa Rica,2015,Feb,253.3
Costa Rica,2015,Mar,265.5
Costa Rica,2015,Apr,221.1
Costa Rica,2015,May,180.1
Costa Rica,2015,Jun,202.4
Costa Rica,2015,Jul,238.2
Costa Rica,2015,Aug,197.9
Costa Rica,2015,Sep,146.5
Costa Rica,2015,Oct,159.1
Costa Rica,2015,Nov,216.7
Costa Rica,2015,Dec,287.0
Costa Rica,2016,Jan,326.2
Costa Rica,2016,Feb,287.1
Costa Rica,2016,Mar,306.3
Costa Rica,2016,Apr,233.4
Costa Rica,2016,May,204.6
Costa Rica,2016,Jun,231.3
Costa Rica,2016,Jul,277.3
Costa Rica,2016,Aug,220.2
Costa Rica,2016,Sep,160.1
Costa Rica,2016,Oct,172.9
Costa Rica,2016,Nov,212.0
Costa Rica,2016,Dec,293.7
Costa Rica,2017,Jan,325.7
Costa Rica,2017,Feb,289.7
Costa Rica,2017,Mar,304.2
Costa Rica,2017,Apr,266.7
Costa Rica,2017,May,208.6
Costa Rica,2017,Jun,239.3
Costa Rica,2017,Jul,264.2
Costa Rica,2017,Aug,216.2
Costa Rica,2017,Sep,163.3
Costa Rica,2017,Oct,166.9
Costa Rica,2017,Nov,224.1
Costa Rica,2017,Dec,291.1
Costa Rica,2018,Jan,336.9
Costa Rica,2018,Feb,303.6
Costa Rica,2018,Mar,328.7
Costa Rica,2018,Apr,260.4
Costa Rica,2018,May,206.9
Costa Rica,2018,Jun,224.7
Costa Rica,2018,Jul,255.2
Costa Rica,2018,Aug,222.4
Costa Rica,2018,Sep,161.0
Costa Rica,2018,Oct,172.5
Costa Rica,2018,Nov,234.5
Costa Rica,2018,Dec,310.0
Costa Rica,2019,Jan,355.3
Costa Rica,2019,Feb,312.8
Costa Rica,2019,Mar,335.6
Costa Rica,2019,Apr,262.0
Costa Rica,2019,May,211.6
Costa Rica,2019,Jun,248.7
Costa Rica,2019,Jul,269.4
Costa Rica,2019,Aug,225.3
Costa Rica,2019,Sep,160.2
Costa Rica,2019,Oct,185.6
Costa Rica,2019,Nov,245.6
Costa Rica,2019,Dec,326.9
Costa Rica,2020,Jan,358.7
Costa Rica,2020,Feb,341.0
Costa Rica,2020,Mar,163.0
Costa Rica,2020,Apr,8.3
Costa Rica,2020,May,3.8
Costa Rica,2020,Jun,7.2
Costa Rica,2020,Jul,1.0
Costa Rica,2020,Aug,2.4
Costa Rica,2020,Sep,3.8
Costa Rica,2020,Oct,10.1
Costa Rica,2020,Nov,37.6
Costa Rica,2020,Dec,75.0
Costa Rica,2021,Jan,62.2
Costa Rica,2021,Feb,55.3
Costa Rica,2021,Mar,89.3
Costa Rica,2021,Apr,89.3
Costa Rica,2021,May,95.9
Costa Rica,2021,Jun,124.7
Costa Rica,2021,Jul,154.7
Costa Rica,2021,Aug,122.2
Costa Rica,2021,Sep,85.2
Costa Rica,2021,Oct,100.1
Costa Rica,2021,Nov,151.7
Costa Rica,2021,Dec,216.7
Costa Rica,2022,Jan,188.2
Costa Rica,2022,Feb,200.2
Costa Rica,2022,Mar,243.2
Costa Rica,2022,Apr,213.7
Costa Rica,2022,May,176.2
Costa Rica,2022,Jun,202.2
Costa Rica,2022,Jul,223.0
Costa Rica,2022,Aug,178.5
Costa Rica,2022,Sep,122.2
Costa Rica,2022,Oct,137.1
Costa Rica,2022,Nov,204.9
Costa Rica,2022,Dec,260.1
Costa Rica,2023,Jan,272.4
Costa Rica,2023,Feb,278.3
Costa Rica,2023,Mar,293.6
Costa Rica,2023,Apr,236.6
Costa Rica,2023,May,187.4
Costa Rica,2023,Jun,221.2
Costa Rica,2023,Jul,245.0
Costa Rica,2023,Aug,196.2
Costa Rica,2023,Sep,131.8
Costa Rica,2023,Oct,149.5
Costa Rica,2023,Nov,231.5
Costa Rica,2023,Dec,307.6
Costa Rica,2024,Jan,299.2
Costa Rica,2024,Feb,317.8
Costa Rica,2024,Mar,350.3
Costa Rica,2024,Apr,242.5
Costa Rica,2024,May,216.7
Costa Rica,2024,Jun,244.4
Costa Rica,2024,Jul,258.9
Costa Rica,2024,Aug,201.0
Costa Rica,2024,Sep,123.4
Costa Rica,2024,Oct,138.3
Costa Rica,2024,Nov,220.8
Costa Rica,2024,Dec,306.1
Costa Rica,2025,Jan,298.5
Costa Rica,2025,Feb,293.8
Costa Rica,2025,Mar,336.5
Costa Rica,2025,Apr,252.9
Costa Rica,2025,May,205.8
Costa Rica,2025,Jun,232.6
Costa Rica,2025,Jul,262.0
Costa Rica,2025,Aug,200.0
Costa Rica,2025,Sep,121.8
Croatia,2015,Feb,91.4
Croatia,2015,Mar,189.8
Croatia,2015,Apr,531.8
Croatia,2015,May,1020.0
Croatia,2015,Jun,1705.0
Croatia,2015,Jul,3072.0
Croatia,2015,Aug,3577.0
Croatia,2015,Sep,1486.0
Croatia,2015,Oct,533.5
Croatia,2015,Nov,137.9
Croatia,2015,Dec,132.1
Croatia,2016,Jan,82.1
Croatia,2016,Feb,114.4
Croatia,2016,Mar,244.3
Croatia,2016,Apr,513.5
Croatia,2016,May,1036.0
Croatia,2016,Jun,1714.0
Croatia,2016,Jul,3642.0
Croatia,2016,Aug,3707.0
Croatia,2016,Sep,1701.0
Croatia,2016,Oct,612.6
Croatia,2016,Nov,175.6
Croatia,2016,Dec,171.3
Croatia,2017,Jan,101.4
Croatia,2017,Feb,125.2
Croatia,2017,Mar,232.0
Croatia,2017,Apr,769.7
Croatia,2017,May,1077.0
Croatia,2017,Jun,2319.0
Croatia,2017,Jul,4089.0
Croatia,2017,Aug,3953.0
Croatia,2017,Sep,1827.0
Croatia,2017,Oct,707.1
Croatia,2017,Nov,195.3
Croatia,2017,Dec,197.3
Croatia,2018,Jan,122.6
Croatia,2018,Feb,137.2
Croatia,2018,Mar,321.6
Croatia,2018,Apr,783.3
Croatia,2018,May,1443.0
Croatia,2018,Jun,2394.0
Croatia,2018,Jul,4068.0
Croatia,2018,Aug,4085.0
Croatia,2018,Sep,2021.0
Croatia,2018,Oct,797.7
Croatia,2018,Nov,244.9
Croatia,2018,Dec,226.7
Croatia,2019,Jan,119.8
Croatia,2019,Feb,170.5
Croatia,2019,Mar,318.6
Croatia,2019,Apr,933.7
Croatia,2019,May,1354.0
Croatia,2019,Jun,2673.0
Croatia,2019,Jul,4033.0
Croatia,2019,Aug,4365.0
Croatia,2019,Sep,1995.0
Croatia,2019,Oct,894.7
Croatia,2019,Nov,256.2
Croatia,2019,Dec,239.4
Croatia,2020,Jan,122.5
Croatia,2020,Feb,172.0
Croatia,2020,Mar,61.1
Croatia,2020,Apr,0.8
Croatia,2020,May,31.5
Croatia,2020,Jun,641.5
Croatia,2020,Jul,1968.0
Croatia,2020,Aug,2056.0
Croatia,2020,Sep,354.9
Croatia,2020,Oct,88.8
Croatia,2020,Nov,32.2
Croatia,2020,Dec,15.7
Croatia,2021,Jan,16.4
Croatia,2021,Feb,20.4
Croatia,2021,Mar,44.6
Croatia,2021,Apr,98.4
Croatia,2021,May,274.9
Croatia,2021,Jun,1095.0
Croatia,2021,Jul,3165.0
Croatia,2021,Aug,3672.0
Croatia,2021,Sep,1566.0
Croatia,2021,Oct,462.0
Croatia,2021,Nov,107.8
Croatia,2021,Dec,118.6
Croatia,2022,Jan,73.5
Croatia,2022,Feb,115.7
Croatia,2022,Mar,191.2
Croatia,2022,Apr,641.9
Croatia,2022,May,976.3
Croatia,2022,Jun,2369.0
Croatia,2022,Jul,4006.0
Croatia,2022,Aug,4013.0
Croatia,2022,Sep,1867.0
Croatia,2022,Oct,691.3
Croatia,2022,Nov,184.2
Croatia,2022,Dec,194.3
Croatia,2023,Jan,114.6
Croatia,2023,Feb,143.3
Croatia,2023,Mar,273.1
Croatia,2023,Apr,870.5
Croatia,2023,May,1373.0
Croatia,2023,Jun,2446.0
Croatia,2023,Jul,4157.0
Croatia,2023,Aug,4063.0
Croatia,2023,Sep,2157.0
Croatia,2023,Oct,815.0
Croatia,2023,Nov,213.5
Croatia,2023,Dec,228.3
Croatia,2024,Jan,117.9
Croatia,2024,Feb,169.4
Croatia,2024,Mar,370.9
Croatia,2024,Apr,813.5
Croatia,2024,May,1659.0
Croatia,2024,Jun,2532.0
Croatia,2024,Jul,4040.0
Croatia,2024,Aug,4246.0
Croatia,2024,Sep,2053.0
Croatia,2024,Oct,897.8
Croatia,2024,Nov,241.2
Croatia,2024,Dec,238.3
Croatia,2025,Jan,132.4
Croatia,2025,Feb,158.6
Croatia,2025,Mar,259.9
Croatia,2025,Apr,956.2
Croatia,2025,May,1510.0
Croatia,2025,Jun,2834.0
Croatia,2025,Jul,3976.0
Croatia,2025,Aug,4248.0
Croatia,2025,Sep,2157.0
Cuba,2015,Feb,362.6
Cuba,2015,Mar,405.4
Cuba,2015,Apr,331.8
Cuba,2015,May,238.6
Cuba,2015,Jun,219.9
Cuba,2015,Jul,267.8
Cuba,2015,Aug,241.7
Cuba,2015,Sep,194.9
Cuba,2015,Oct,228.3
Cuba,2015,Nov,293.7
Cuba,2015,Dec,383.3
Cuba,2016,Jan,420.6
Cuba,2016,Feb,417.5
Cuba,2016,Mar,457.1
Cuba,2016,Apr,352.7
Cuba,2016,May,263.0
Cuba,2016,Jun,246.0
Cuba,2016,Jul,307.9
Cuba,2016,Aug,267.5
Cuba,2016,Sep,218.3
Cuba,2016,Oct,258.6
Cuba,2016,Nov,325.0
Cuba,2016,Dec,475.0
Cuba,2017,Jan,488.2
Cuba,2017,Feb,484.6
Cuba,2017,Mar,530.6
Cuba,2017,Apr,409.4
Cuba,2017,May,305.3
Cuba,2017,Jun,285.6
Cuba,2017,Jul,357.3
Cuba,2017,Aug,310.5
Cuba,2017,Sep,253.3
Cuba,2017,Oct,300.1
Cuba,2017,Nov,377.2
Cuba,2017,Dec,551.4
Cuba,2018,Jan,446.4
Cuba,2018,Feb,441.6
Cuba,2018,Mar,510.8
Cuba,2018,Apr,404.1
Cuba,2018,May,357.1
Cuba,2018,Jun,342.8
Cuba,2018,Jul,386.0
Cuba,2018,Aug,369.0
Cuba,2018,Sep,282.8
Cuba,2018,Oct,326.4
Cuba,2018,Nov,390.1
Cuba,2018,Dec,454.9
Cuba,2019,Jan,489.6
Cuba,2019,Feb,459.4
Cuba,2019,Mar,521.4
Cuba,2019,Apr,458.1
Cuba,2019,May,358.3
Cuba,2019,Jun,274.8
Cuba,2019,Jul,295.0
Cuba,2019,Aug,269.3
Cuba,2019,Sep,201.3
Cuba,2019,Oct,235.6
Cuba,2019,Nov,333.9
Cuba,2019,Dec,378.7
Cuba,2020,Jan,393.7
Cuba,2020,Feb,398.8
Cuba,2020,Mar,189.4
Cuba,2020,Apr,1.2
Cuba,2020,May,1.0
Cuba,2020,Jun,1.1
Cuba,2020,Jul,1.5
Cuba,2020,Aug,1.3
Cuba,2020,Sep,1.7
Cuba,2020,Oct,3.3
Cuba,2020,Nov,28.0
Cuba,2020,Dec,64.9
Cuba,2021,Jan,22.3
Cuba,2021,Feb,13.2
Cuba,2021,Mar,12.5
Cuba,2021,Apr,16.6
Cuba,2021,May,23.5
Cuba,2021,Jun,26.2
Cuba,2021,Jul,26.9
Cuba,2021,Aug,22.4
Cuba,2021,Sep,17.0
Cuba,2021,Oct,23.2
Cuba,2021,Nov,51.2
Cuba,2021,Dec,101.3
Cuba,2022,Jan,86.4
Cuba,2022,Feb,99.3
Cuba,2022,Mar,128.8
Cuba,2022,Apr,133.3
Cuba,2022,May,117.0
Cuba,2022,Jun,117.6
Cuba,2022,Jul,152.4
Cuba,2022,Aug,136.6
Cuba,2022,Sep,103.4
Cuba,2022,Oct,123.6
Cuba,2022,Nov,178.9
Cuba,2022,Dec,236.9
Cuba,2023,Jan,249.2
Cuba,2023,Feb,239.8
Cuba,2023,Mar,263.5
Cuba,2023,Apr,231.7
Cuba,2023,May,159.9
Cuba,2023,Jun,154.6
Cuba,2023,Jul,190.8
Cuba,2023,Aug,177.7
Cuba,2023,Sep,147.2
Cuba,2023,Oct,159.0
Cuba,2023,Nov,204.7
Cuba,2023,Dec,259.1
Cuba,2024,Jan,259.8
Cuba,2024,Feb,268.1
Cuba,2024,Mar,281.0
Cuba,2024,Apr,215.1
Cuba,2024,May,150.5
Cuba,2024,Jun,135.1
Cuba,2024,Jul,153.3
Cuba,2024,Aug,145.0
Cuba,2024,Sep,111.1
Cuba,2024,Oct,125.8
Cuba,2024,Nov,160.5
Cuba,2024,Dec,197.8
Cuba,2025,Jan,196.0
Cuba,2025,Feb,178.3
Cuba,2025,Mar,197.5
Cuba,2025,Apr,169.3
Cuba,2025,May,121.2
Cuba,2025,Jun,119.5
Cuba,2025,Jul,142.1
Cuba,2025,Aug,136.0
Cuba,2025,Sep,106.7
Cyprus,2015,Feb,50.7
Cyprus,2015,Mar,97.5
Cyprus,2015,Apr,201.5
Cyprus,2015,May,307.4
Cyprus,2015,Jun,337.0
Cyprus,2015,Jul,414.5
Cyprus,2015,Aug,392.3
Cyprus,2015,Sep,360.9
Cyprus,2015,Oct,269.4
Cyprus,2015,Nov,108.1
Cyprus,2015,Dec,78.3
Cyprus,2016,Jan,48.6
Cyprus,2016,Feb,66.0
Cyprus,2016,Mar,137.0
Cyprus,2016,Apr,225.6
Cyprus,2016,May,364.9
Cyprus,2016,Jun,413.1
Cyprus,2016,Jul,482.1
Cyprus,2016,Aug,458.6
Cyprus,2016,Sep,421.2
Cyprus,2016,Oct,357.2
Cyprus,2016,Nov,124.2
Cyprus,2016,Dec,87.9
Cyprus,2017,Jan,62.6
Cyprus,2017,Feb,82.2
Cyprus,2017,Mar,140.9
Cyprus,2017,Apr,286.3
Cyprus,2017,May,418.7
Cyprus,2017,Jun,472.5
Cyprus,2017,Jul,531.0
Cyprus,2017,Aug,523.7
Cyprus,2017,Sep,483.7
Cyprus,2017,Oct,406.9
Cyprus,2017,Nov,144.7
Cyprus,2017,Dec,98.9
Cyprus,2018,Jan,75.9
Cyprus,2018,Feb,101.5
Cyprus,2018,Mar,192.1
Cyprus,2018,Apr,314.1
Cyprus,2018,May,450.5
Cyprus,2018,Jun,511.1
Cyprus,2018,Jul,539.6
Cyprus,2018,Aug,534.8
Cyprus,2018,Sep,520.1
Cyprus,2018,Oct,433.6
Cyprus,2018,Nov,158.7
Cyprus,2018,Dec,106.6
Cyprus,2019,Jan,82.0
Cyprus,2019,Feb,105.6
Cyprus,2019,Mar,169.9
Cyprus,2019,Apr,329.3
Cyprus,2019,May,434.6
Cyprus,2019,Jun,509.7
Cyprus,2019,Jul,551.0
Cyprus,2019,Aug,553.8
Cyprus,2019,Sep,524.7
Cyprus,2019,Oct,436.5
Cyprus,2019,Nov,169.4
Cyprus,2019,Dec,110.3
Cyprus,2020,Jan,85.6
Cyprus,2020,Feb,105.6
Cyprus,2020,Mar,55.3
Cyprus,2020,Apr,0.0
Cyprus,2020,May,0.0
Cyprus,2020,Jun,9.1
Cyprus,2020,Jul,64.9
Cyprus,2020,Aug,104.3
Cyprus,2020,Sep,87.3
Cyprus,2020,Oct,100.8
Cyprus,2020,Nov,9.0
Cyprus,2020,Dec,9.7
Cyprus,2021,Jan,3.9
Cyprus,2021,Feb,5.0
Cyprus,2021,Mar,8.8
Cyprus,2021,Apr,38.2
Cyprus,2021,May,100.9
Cyprus,2021,Jun,184.2
Cyprus,2021,Jul,297.3
Cyprus,2021,Aug,321.9
Cyprus,2021,Sep,339.2
Cyprus,2021,Oct,391.6
Cyprus,2021,Nov,149.0
Cyprus,2021,Dec,96.9
Cyprus,2022,Jan,43.9
Cyprus,2022,Feb,71.9
Cyprus,2022,Mar,128.8
Cyprus,2022,Apr,289.3
Cyprus,2022,May,315.0
Cyprus,2022,Jun,372.3
Cyprus,2022,Jul,454.7
Cyprus,2022,Aug,451.1
Cyprus,2022,Sep,413.4
Cyprus,2022,Oct,400.6
Cyprus,2022,Nov,149.9
Cyprus,2022,Dec,110.0
Cyprus,2023,Jan,90.5
Cyprus,2023,Feb,119.1
Cyprus,2023,Mar,184.3
Cyprus,2023,Apr,342.7
Cyprus,2023,May,420.1
Cyprus,2023,Jun,457.0
Cyprus,2023,Jul,523.7
Cyprus,2023,Aug,511.4
Cyprus,2023,Sep,487.4
Cyprus,2023,Oct,426.3
Cyprus,2023,Nov,159.6
Cyprus,2023,Dec,123.6
Cyprus,2024,Jan,88.0
Cyprus,2024,Feb,125.0
Cyprus,2024,Mar,202.3
Cyprus,2024,Apr,333.6
Cyprus,2024,May,421.4
Cyprus,2024,Jun,482.3
Cyprus,2024,Jul,551.2
Cyprus,2024,Aug,554.9
Cyprus,2024,Sep,509.5
Cyprus,2024,Oct,459.1
Cyprus,2024,Nov,179.9
Cyprus,2024,Dec,133.1
Cyprus,2025,Jan,112.1
Cyprus,2025,Feb,133.8
Cyprus,2025,Mar,200.7
Cyprus,2025,Apr,418.7
Cyprus,2025,May,479.2
Cyprus,2025,Jun,498.5
Cyprus,2025,Jul,589.1
Cyprus,2025,Aug,602.0
Cyprus,2025,Sep,570.6
Czechia,2015,Feb,458.6
Czechia,2015,Mar,583.4
Czechia,2015,Apr,695.4
Czechia,2015,May,853.1
Czechia,2015,Jun,834.6
Czechia,2015,Jul,972.5
Czechia,2015,Aug,1015.0
Czechia,2015,Sep,838.6
Czechia,2015,Oct,774.5
Czechia,2015,Nov,576.6
Czechia,2015,Dec,655.9
Czechia,2016,Jan,480.5
Czechia,2016,Feb,515.0
Czechia,2016,Mar,677.5
Czechia,2016,Apr,703.1
Czechia,2016,May,882.5
Czechia,2016,Jun,843.6
Czechia,2016,Jul,1044.0
Czechia,2016,Aug,1054.0
Czechia,2016,Sep,899.3
Czechia,2016,Oct,859.7
Czechia,2016,Nov,626.6
Czechia,2016,Dec,735.4
Czechia,2017,Jan,549.8
Czechia,2017,Feb,561.6
Czechia,2017,Mar,696.3
Czechia,2017,Apr,867.7
Czechia,2017,May,941.8
Czechia,2017,Jun,978.4
Czechia,2017,Jul,1097.0
Czechia,2017,Aug,1113.0
Czechia,2017,Sep,957.8
Czechia,2017,Oct,926.9
Czechia,2017,Nov,684.7
Czechia,2017,Dec,785.7
Czechia,2018,Jan,596.2
Czechia,2018,Feb,622.4
Czechia,2018,Mar,798.0
Czechia,2018,Apr,856.1
Czechia,2018,May,988.4
Czechia,2018,Jun,974.3
Czechia,2018,Jul,1133.0
Czechia,2018,Aug,1155.0
Czechia,2018,Sep,979.6
Czechia,2018,Oct,946.0
Czechia,2018,Nov,737.5
Czechia,2018,Dec,824.9
Czechia,2019,Jan,606.3
Czechia,2019,Feb,640.3
Czechia,2019,Mar,760.1
Czechia,2019,Apr,903.7
Czechia,2019,May,1006.0
Czechia,2019,Jun,1038.0
Czechia,2019,Jul,1165.0
Czechia,2019,Aug,1193.0
Czechia,2019,Sep,973.3
Czechia,2019,Oct,987.0
Czechia,2019,Nov,756.0
Czechia,2019,Dec,862.5
Czechia,2020,Jan,668.1
Czechia,2020,Feb,645.7
Czechia,2020,Mar,194.6
Czechia,2020,Apr,1.8
Czechia,2020,May,7.2
Czechia,2020,Jun,119.5
Czechia,2020,Jul,365.7
Czechia,2020,Aug,442.7
Czechia,2020,Sep,235.4
Czechia,2020,Oct,54.8
Czechia,2020,Nov,21.7
Czechia,2020,Dec,27.0
Czechia,2021,Jan,20.4
Czechia,2021,Feb,17.6
Czechia,2021,Mar,17.3
Czechia,2021,Apr,20.9
Czechia,2021,May,47.1
Czechia,2021,Jun,154.7
Czechia,2021,Jul,366.5
Czechia,2021,Aug,483.1
Czechia,2021,Sep,409.6
Czechia,2021,Oct,448.2
Czechia,2021,Nov,324.4
Czechia,2021,Dec,259.8
Czechia,2022,Jan,215.5
Czechia,2022,Feb,293.8
Czechia,2022,Mar,377.6
Czechia,2022,Apr,558.9
Czechia,2022,May,649.4
Czechia,2022,Jun,733.3
Czechia,2022,Jul,862.0
Czechia,2022,Aug,914.5
Czechia,2022,Sep,740.6
Czechia,2022,Oct,751.9
Czechia,2022,Nov,550.1
Czechia,2022,Dec,695.9
Czechia,2023,Jan,518.8
Czechia,2023,Feb,522.9
Czechia,2023,Mar,603.4
Czechia,2023,Apr,799.7
Czechia,2023,May,856.5
Czechia,2023,Jun,875.7
Czechia,2023,Jul,1045.0
Czechia,2023,Aug,1079.0
Czechia,2023,Sep,920.0
Czechia,2023,Oct,857.9
Czechia,2023,Nov,643.1
Czechia,2023,Dec,837.5
Czechia,2024,Jan,568.3
Czechia,2024,Feb,611.8
Czechia,2024,Mar,754.6
Czechia,2024,Apr,795.7
Czechia,2024,May,1040.0
Czechia,2024,Jun,939.6
Czechia,2024,Jul,1102.0
Czechia,2024,Aug,1181.0
Czechia,2024,Sep,892.4
Czechia,2024,Oct,939.4
Czechia,2024,Nov,726.3
Czechia,2024,Dec,926.2
Czechia,2025,Jan,638.4
Czechia,2025,Feb,634.4
Czechia,2025,Mar,679.7
Czechia,2025,Apr,906.5
Czechia,2025,May,1005.0
Czechia,2025,Jun,1036.0
Czechia,2025,Jul,1109.0
Czechia,2025,Aug,1209.0
Czechia,2025,Sep,964.5
Denmark,2015,Feb,103.3
Denmark,2015,Mar,137.6
Denmark,2015,Apr,184.2
Denmark,2015,May,248.4
Denmark,2015,Jun,288.3
Denmark,2015,Jul,496.2
Denmark,2015,Aug,387.1
Denmark,2015,Sep,211.0
Denmark,2015,Oct,191.7
Denmark,2015,Nov,141.5
Denmark,2015,Dec,138.7
Denmark,2016,Jan,107.5
Denmark,2016,Feb,120.3
Denmark,2016,Mar,169.8
Denmark,2016,Apr,176.2
Denmark,2016,May,250.4
Denmark,2016,Jun,290.2
Denmark,2016,Jul,507.0
Denmark,2016,Aug,407.2
Denmark,2016,Sep,215.7
Denmark,2016,Oct,197.8
Denmark,2016,Nov,150.3
Denmark,2016,Dec,148.6
Denmark,2017,Jan,118.3
Denmark,2017,Feb,126.1
Denmark,2017,Mar,155.7
Denmark,2017,Apr,221.4
Denmark,2017,May,262.2
Denmark,2017,Jun,307.9
Denmark,2017,Jul,501.6
Denmark,2017,Aug,421.1
Denmark,2017,Sep,230.0
Denmark,2017,Oct,215.9
Denmark,2017,Nov,164.2
Denmark,2017,Dec,154.5
Denmark,2018,Jan,135.9
Denmark,2018,Feb,134.4
Denmark,2018,Mar,183.7
Denmark,2018,Apr,210.3
Denmark,2018,May,294.5
Denmark,2018,Jun,322.0
Denmark,2018,Jul,532.7
Denmark,2018,Aug,428.4
Denmark,2018,Sep,239.7
Denmark,2018,Oct,218.9
Denmark,2018,Nov,170.9
Denmark,2018,Dec,158.4
Denmark,2019,Jan,132.1
Denmark,2019,Feb,131.9
Denmark,2019,Mar,163.1
Denmark,2019,Apr,235.1
Denmark,2019,May,274.8
Denmark,2019,Jun,336.3
Denmark,2019,Jul,546.4
Denmark,2019,Aug,432.7
Denmark,2019,Sep,241.2
Denmark,2019,Oct,231.4
Denmark,2019,Nov,174.2
Denmark,2019,Dec,165.0
Denmark,2020,Jan,134.8
Denmark,2020,Feb,140.8
Denmark,2020,Mar,55.4
Denmark,2020,Apr,7.1
Denmark,2020,May,11.4
Denmark,2020,Jun,42.0
Denmark,2020,Jul,168.7
Denmark,2020,Aug,168.8
Denmark,2020,Sep,82.7
Denmark,2020,Oct,55.1
Denmark,2020,Nov,24.7
Denmark,2020,Dec,20.2
Denmark,2021,Jan,15.5
Denmark,2021,Mar,21.5
Denmark,2021,Apr,19.7
Denmark,2021,May,31.8
Denmark,2021,Jun,67.9
Denmark,2021,Jul,188.5
Denmark,2021,Aug,259.9
Denmark,2021,Sep,158.7
Denmark,2021,Oct,176.9
Denmark,2021,Nov,150.6
Denmark,2021,Dec,88.9
Denmark,2022,Jan,51.6
Denmark,2022,Feb,92.3
Denmark,2022,Mar,138.5
Denmark,2022,Apr,224.5
Denmark,2022,May,268.1
Denmark,2022,Jun,335.5
Denmark,2022,Jul,568.8
Denmark,2022,Aug,497.4
Denmark,2022,Sep,257.0
Denmark,2022,Oct,234.4
Denmark,2022,Nov,173.1
Denmark,2023,Jan,130.6
Denmark,2023,Feb,136.4
Denmark,2023,Mar,175.4
Denmark,2023,Apr,267.7
Denmark,2023,May,307.2
Denmark,2023,Jun,354.5
Denmark,2023,Jul,541.0
Denmark,2023,Aug,513.6
Denmark,2023,Sep,276.6
Denmark,2023,Oct,251.7
Denmark,2023,Nov,176.7
Denmark,2023,Dec,180.9
Denmark,2024,Jan,132.8
Denmark,2024,Feb,143.4
Denmark,2024,Mar,231.6
Denmark,2024,Apr,252.1
Denmark,2024,May,349.2
Denmark,2024,Jun,371.4
Denmark,2024,Jul,556.9
Denmark,2024,Aug,548.0
Denmark,2024,Sep,308.4
Denmark,2024,Oct,292.9
Denmark,2024,Nov,206.4
Denmark,2024,Dec,212.0
Denmark,2025,Jan,154.8
Denmark,2025,Feb,161.6
Denmark,2025,Mar,214.3
Denmark,2025,Apr,295.6
Denmark,2025,May,356.1
Denmark,2025,Jun,396.9
Denmark,2025,Jul,602.6
Denmark,2025,Aug,578.1
Dominica,2015,Feb,8.0
Dominica,2015,Mar,6.2
Dominica,2015,Apr,5.6
Dominica,2015,May,7.1
Dominica,2015,Jun,5.6
Dominica,2015,Jul,9.3
Dominica,2015,Aug,7.7
Dominica,2015,Sep,3.8
Dominica,2015,Oct,4.6
Dominica,2015,Nov,3.9
Dominica,2015,Dec,6.4
Dominica,2016,Jan,6.6
Dominica,2016,Feb,7.2
Dominica,2016,Mar,6.0
Dominica,2016,Apr,4.6
Dominica,2016,May,5.6
Dominica,2016,Jun,5.3
Dominica,2016,Jul,8.8
Dominica,2016,Aug,8.2
Dominica,2016,Sep,4.1
Dominica,2016,Oct,10.1
Dominica,2016,Nov,4.6
Dominica,2016,Dec,7.3
Dominica,2017,Jan,6.8
Dominica,2017,Feb,8.6
Dominica,2017,Mar,5.7
Dominica,2017,Apr,7.3
Dominica,2017,May,6.3
Dominica,2017,Jun,6.0
Dominica,2017,Jul,8.8
Dominica,2017,Aug,8.6
Dominica,2017,Sep,2.8
Dominica,2017,Oct,4.8
Dominica,2017,Nov,2.2
Dominica,2017,Dec,3.5
Dominica,2018,Jan,3.3
Dominica,2018,Feb,4.6
Dominica,2018,Mar,4.6
Dominica,2018,Apr,4.0
Dominica,2018,May,4.7
Dominica,2018,Jun,5.0
Dominica,2018,Jul,5.6
Dominica,2018,Aug,5.7
Dominica,2018,Sep,3.2
Dominica,2018,Oct,9.1
Dominica,2018,Nov,5.3
Dominica,2018,Dec,7.8
Dominica,2019,Jan,6.0
Dominica,2019,Feb,7.7
Dominica,2019,Mar,9.7
Dominica,2019,Apr,7.7
Dominica,2019,May,6.0
Dominica,2019,Jun,6.4
Dominica,2019,Jul,8.9
Dominica,2019,Aug,8.6
Dominica,2019,Sep,3.6
Dominica,2019,Oct,10.9
Dominica,2019,Nov,5.4
Dominica,2019,Dec,8.7
Dominica,2020,Jan,5.8
Dominica,2020,Feb,9.1
Dominica,2020,Mar,3.5
Dominica,2020,Apr,0.1
Dominica,2020,May,0.0
Dominica,2020,Jun,0.0
Dominica,2020,Jul,0.1
Dominica,2020,Aug,0.5
Dominica,2020,Sep,0.5
Dominica,2020,Oct,0.6
Dominica,2020,Nov,0.7
Dominica,2020,Dec,0.9
Dominica,2021,Jan,0.7
Dominica,2021,Feb,0.6
Dominica,2021,Mar,0.6
Dominica,2021,Apr,0.8
Dominica,2021,May,0.9
Dominica,2021,Jun,1.1
Dominica,2021,Jul,1.9
Dominica,2021,Aug,1.1
Dominica,2021,Sep,0.9
Dominica,2021,Oct,1.4
Dominica,2021,Nov,1.6
Dominica,2021,Dec,3.2
Dominica,2022,Jan,2.2
Dominica,2022,Feb,2.8
Dominica,2022,Mar,3.1
Dominica,2022,Apr,4.6
Dominica,2022,May,4.1
Dominica,2022,Jun,4.6
Dominica,2022,Jul,7.3
Dominica,2022,Aug,6.1
Dominica,2022,Sep,2.8
Dominica,2022,Oct,11.1
Dominica,2022,Nov,4.9
Dominica,2022,Dec,7.5
Dominica,2023,Jan,5.0
Dominica,2023,Feb,7.5
Dominica,2023,Mar,5.2
Dominica,2023,Apr,6.2
Dominica,2023,May,5.2
Dominica,2023,Jun,4.4
Dominica,2023,Jul,7.7
Dominica,2023,Aug,7.3
Dominica,2023,Sep,3.4
Dominica,2023,Oct,10.1
Dominica,2023,Nov,4.8
Dominica,2023,Dec,7.6
Dominica,2024,Jan,6.3
Dominica,2024,Feb,9.0
Dominica,2024,Mar,6.9
Dominica,2024,Apr,6.4
Dominica,2024,May,7.1
Dominica,2024,Jun,6.1
Dominica,2024,Jul,7.6
Dominica,2024,Aug,7.9
Dominica,2024,Sep,3.4
Dominica,2024,Oct,11.3
Dominica,2024,Nov,4.8
Dominica,2024,Dec,7.2
Dominica,2025,Jan,6.6
Dominica,2025,Feb,10.3
Dominica,2025,Mar,7.4
Dominica,2025,Apr,7.7
Dominica,2025,May,7.1
Dominica,2025,Jun,5.7
Dominica,2025,Jul,10.0
Dominica,2025,Aug,10.0
Dominican Rep.,2015,Feb,478.8
Dominican Rep.,2015,Mar,537.6
Dominican Rep.,2015,Apr,462.0
Dominican Rep.,2015,May,417.0
Dominican Rep.,2015,Jun,480.4
Dominican Rep.,2015,Jul,568.3
Dominican Rep.,2015,Aug,465.8
Dominican Rep.,2015,Sep,329.5
Dominican Rep.,2015,Oct,370.5
Dominican Rep.,2015,Nov,423.3
Dominican Rep.,2015,Dec,583.8
Dominican Rep.,2016,Jan,520.0
Dominican Rep.,2016,Feb,519.1
Dominican Rep.,2016,Mar,565.4
Dominican Rep.,2016,Apr,484.8
Dominican Rep.,2016,May,437.3
Dominican Rep.,2016,Jun,516.6
Dominican Rep.,2016,Jul,619.7
Dominican Rep.,2016,Aug,502.3
Dominican Rep.,2016,Sep,359.1
Dominican Rep.,2016,Oct,392.7
Dominican Rep.,2016,Nov,435.5
Dominican Rep.,2016,Dec,606.8
Dominican Rep.,2017,Jan,545.6
Dominican Rep.,2017,Feb,538.1
Dominican Rep.,2017,Mar,581.9
Dominican Rep.,2017,Apr,557.5
Dominican Rep.,2017,May,472.9
Dominican Rep.,2017,Jun,545.7
Dominican Rep.,2017,Jul,637.7
Dominican Rep.,2017,Aug,520.8
Dominican Rep.,2017,Sep,311.4
Dominican Rep.,2017,Oct,395.7
Dominican Rep.,2017,Nov,453.6
Dominican Rep.,2017,Dec,626.8
Dominican Rep.,2018,Jan,566.8
Dominican Rep.,2018,Feb,560.0
Dominican Rep.,2018,Mar,667.5
Dominican Rep.,2018,Apr,553.5
Dominican Rep.,2018,May,506.2
Dominican Rep.,2018,Jun,586.8
Dominican Rep.,2018,Jul,665.7
Dominican Rep.,2018,Aug,537.6
Dominican Rep.,2018,Sep,365.4
Dominican Rep.,2018,Oct,415.0
Dominican Rep.,2018,Nov,485.5
Dominican Rep.,2018,Dec,659.0
Dominican Rep.,2019,Jan,598.2
Dominican Rep.,2019,Feb,605.0
Dominican Rep.,2019,Mar,673.0
Dominican Rep.,2019,Apr,584.3
Dominican Rep.,2019,May,527.7
Dominican Rep.,2019,Jun,587.1
Dominican Rep.,2019,Jul,591.3
Dominican Rep.,2019,Aug,497.4
Dominican Rep.,2019,Sep,323.7
Dominican Rep.,2019,Oct,372.2
Dominican Rep.,2019,Nov,461.9
Dominican Rep.,2019,Dec,624.3
Dominican Rep.,2020,Jan,557.2
Dominican Rep.,2020,Feb,565.2
Dominican Rep.,2020,Mar,270.0
Dominican Rep.,2020,Apr,0.2
Dominican Rep.,2020,May,0.4
Dominican Rep.,2020,Jun,1.0
Dominican Rep.,2020,Jul,135.2
Dominican Rep.,2020,Aug,110.3
Dominican Rep.,2020,Sep,103.9
Dominican Rep.,2020,Oct,138.3
Dominican Rep.,2020,Nov,175.1
Dominican Rep.,2020,Dec,348.5
Dominican Rep.,2021,Jan,205.3
Dominican Rep.,2021,Feb,198.5
Dominican Rep.,2021,Mar,313.3
Dominican Rep.,2021,Apr,327.1
Dominican Rep.,2021,May,390.9
Dominican Rep.,2021,Jun,462.5
Dominican Rep.,2021,Jul,564.0
Dominican Rep.,2021,Aug,476.6
Dominican Rep.,2021,Sep,365.5
Dominican Rep.,2021,Oct,443.0
Dominican Rep.,2021,Nov,519.2
Dominican Rep.,2021,Dec,728.3
Dominican Rep.,2022,Jan,531.0
Dominican Rep.,2022,Feb,566.2
Dominican Rep.,2022,Mar,617.8
Dominican Rep.,2022,Apr,626.0
Dominican Rep.,2022,May,561.3
Dominican Rep.,2022,Jun,644.9
Dominican Rep.,2022,Jul,735.1
Dominican Rep.,2022,Aug,622.0
Dominican Rep.,2022,Sep,430.1
Dominican Rep.,2022,Oct,491.8
Dominican Rep.,2022,Nov,571.4
Dominican Rep.,2022,Dec,765.9
Dominican Rep.,2023,Jan,674.8
Dominican Rep.,2023,Feb,661.1
Dominican Rep.,2023,Mar,740.3
Dominican Rep.,2023,Apr,681.6
Dominican Rep.,2023,May,621.6
Dominican Rep.,2023,Jun,707.3
Dominican Rep.,2023,Jul,793.0
Dominican Rep.,2023,Aug,665.1
Dominican Rep.,2023,Sep,478.8
Dominican Rep.,2023,Oct,531.0
Dominican Rep.,2023,Nov,636.4
Dominican Rep.,2023,Dec,867.6
Dominican Rep.,2024,Jan,742.2
Dominican Rep.,2024,Feb,755.8
Dominican Rep.,2024,Mar,836.5
Dominican Rep.,2024,Apr,704.2
Dominican Rep.,2024,May,677.5
Dominican Rep.,2024,Jun,758.8
Dominican Rep.,2024,Jul,811.2
Dominican Rep.,2024,Aug,675.2
Dominican Rep.,2024,Sep,468.9
Dominican Rep.,2024,Oct,554.2
Dominican Rep.,2024,Nov,667.0
Dominican Rep.,2024,Dec,884.1
Dominican Rep.,2025,Jan,759.9
Dominican Rep.,2025,Feb,740.7
Dominican Rep.,2025,Mar,820.0
Dominican Rep.,2025,Apr,749.2
Dominican Rep.,2025,May,673.7
Dominican Rep.,2025,Jun,770.4
Dominican Rep.,2025,Jul,863.8
Dominican Rep.,2025,Aug,707.1
Dominican Rep.,2025,Sep,490.3
Ecuador,2015,Feb,252.1
Ecuador,2015,Mar,262.3
Ecuador,2015,Apr,227.9
Ecuador,2015,May,232.6
Ecuador,2015,Jun,281.0
Ecuador,2015,Jul,325.3
Ecuador,2015,Aug,267.7
Ecuador,2015,Sep,226.8
Ecuador,2015,Oct,242.2
Ecuador,2015,Nov,252.8
Ecuador,2015,Dec,305.7
Ecuador,2016,Jan,149.4
Ecuador,2016,Feb,128.8
Ecuador,2016,Mar,129.1
Ecuador,2016,Apr,98.8
Ecuador,2016,May,104.1
Ecuador,2016,Jun,136.6
Ecuador,2016,Jul,163.4
Ecuador,2016,Aug,128.6
Ecuador,2016,Sep,107.1
Ecuador,2016,Oct,130.7
Ecuador,2016,Nov,122.0
Ecuador,2016,Dec,170.6
Ecuador,2017,Jan,156.0
Ecuador,2017,Feb,136.1
Ecuador,2017,Mar,126.9
Ecuador,2017,Apr,120.6
Ecuador,2017,May,121.6
Ecuador,2017,Jun,160.6
Ecuador,2017,Jul,188.3
Ecuador,2017,Aug,150.5
Ecuador,2017,Sep,130.8
Ecuador,2017,Oct,146.8
Ecuador,2017,Nov,153.8
Ecuador,2017,Dec,213.6
Ecuador,2018,Jan,205.5
Ecuador,2018,Feb,197.6
Ecuador,2018,Mar,205.4
Ecuador,2018,Apr,183.4
Ecuador,2018,May,204.4
Ecuador,2018,Jun,230.5
Ecuador,2018,Jul,254.2
Ecuador,2018,Aug,221.4
Ecuador,2018,Sep,178.3
Ecuador,2018,Oct,218.8
Ecuador,2018,Nov,185.6
Ecuador,2018,Dec,250.2
Ecuador,2019,Jan,187.9
Ecuador,2019,Feb,161.4
Ecuador,2019,Mar,150.2
Ecuador,2019,Apr,192.2
Ecuador,2019,May,208.7
Ecuador,2019,Jun,243.4
Ecuador,2019,Jul,225.8
Ecuador,2019,Aug,226.3
Ecuador,2019,Sep,108.9
Ecuador,2019,Oct,101.7
Ecuador,2019,Nov,119.1
Ecuador,2019,Dec,182.1
Ecuador,2020,Jan,147.1
Ecuador,2020,Feb,143.8
Ecuador,2020,Mar,51.9
Ecuador,2020,Apr,1.4
Ecuador,2020,May,1.8
Ecuador,2020,Jun,4.3
Ecuador,2020,Jul,11.1
Ecuador,2020,Aug,14.4
Ecuador,2020,Sep,16.9
Ecuador,2020,Oct,26.3
Ecuador,2020,Nov,31.6
Ecuador,2020,Dec,56.7
Ecuador,2021,Jan,30.1
Ecuador,2021,Feb,32.4
Ecuador,2021,Mar,35.3
Ecuador,2021,Apr,31.0
Ecuador,2021,May,36.8
Ecuador,2021,Jun,56.0
Ecuador,2021,Jul,76.2
Ecuador,2021,Aug,66.8
Ecuador,2021,Sep,57.4
Ecuador,2021,Oct,66.3
Ecuador,2021,Nov,72.0
Ecuador,2021,Dec,109.1
Ecuador,2022,Jan,64.6
Ecuador,2022,Feb,81.0
Ecuador,2022,Mar,87.8
Ecuador,2022,Apr,96.7
Ecuador,2022,May,95.8
Ecuador,2022,Jun,104.2
Ecuador,2022,Jul,131.2
Ecuador,2022,Aug,113.0
Ecuador,2022,Sep,105.8
Ecuador,2022,Oct,128.5
Ecuador,2022,Nov,115.1
Ecuador,2022,Dec,141.2
Ecuador,2023,Jan,122.8
Ecuador,2023,Feb,120.2
Ecuador,2023,Mar,113.1
Ecuador,2023,Apr,104.3
Ecuador,2023,May,105.4
Ecuador,2023,Jun,133.2
Ecuador,2023,Jul,149.5
Ecuador,2023,Aug,116.0
Ecuador,2023,Sep,96.3
Ecuador,2023,Oct,109.1
Ecuador,2023,Nov,109.8
Ecuador,2023,Dec,146.8
Ecuador,2024,Jan,95.8
Ecuador,2024,Feb,90.3
Ecuador,2024,Mar,95.4
Ecuador,2024,Apr,88.7
Ecuador,2024,May,96.9
Ecuador,2024,Jun,122.1
Ecuador,2024,Jul,127.7
Ecuador,2024,Aug,110.8
Ecuador,2024,Sep,91.8
Ecuador,2024,Oct,103.1
Ecuador,2024,Nov,101.0
Ecuador,2024,Dec,139.2
Ecuador,2025,Jan,118.2
Ecuador,2025,Feb,110.1
Ecuador,2025,Mar,101.6
Ecuador,2025,Apr,102.3
Ecuador,2025,May,99.1
Ecuador,2025,Jun,118.7
Ecuador,2025,Jul,138.6
Ecuador,2025,Aug,117.9
Ecuador,2025,Sep,95.9
