importer,exporter,value
"China, mainland",Brazil,71592496.82
"China, mainland",United States of America,26506551.32
Argentina,Paraguay,5829120.0
Argentina,Brazil,4081112.1
Thailand,Brazil,2750180.24
Mexico,United States of America,2585370.94
Japan,United States of America,2167712.0
Germany,United States of America,2009017.04
"China, mainland",Argentina,1992167.38
Indonesia,United States of America,1949364.92
Türkiye,Brazil,1682933.86
Spain,Brazil,1662227.34
Netherlands (Kingdom of the),Brazil,1651780.33
Spain,United States of America,1537149.65
"China, mainland",Canada,1466187.2
Mexico,Brazil,1434982.65
Netherlands (Kingdom of the),United States of America,1426388.34
Egypt,United States of America,1374644.41
"China, Taiwan Province of",Brazil,1352838.0
"China, mainland",Russian Federation,1292598.6
Egypt,Ukraine,1139909.95
"China, Taiwan Province of",United States of America,1115522.0
Italy,Brazil,1101992.83
Türkiye,Ukraine,1009456.87
Germany,Netherlands (Kingdom of the),754702.46
Japan,Brazil,645822.0
United Kingdom of Great Britain and Northern Ireland,Brazil,590385.68
Portugal,Brazil,568572.71
Colombia,United States of America,433513.23
Italy,United States of America,421604.09
Argentina,Bolivia (Plurinational State of),395923.2
Thailand,United States of America,379035.37
Saudi Arabia,Brazil,365466.36
Canada,United States of America,352171.28
United States of America,Brazil,346156.0
India,Togo,341491.99
Japan,Canada,324352.0
Malaysia,United States of America,286407.01
Norway,Brazil,278823.1
Indonesia,Canada,271280.54
Portugal,United States of America,263832.11
France,Brazil,259358.19
Costa Rica,United States of America,250430.81
Netherlands (Kingdom of the),Ukraine,243512.34
Italy,Canada,229889.69
Malaysia,South Africa,203053.71
United Kingdom of Great Britain and Northern Ireland,United States of America,186121.06
Saudi Arabia,United States of America,179841.43
Türkiye,United States of America,179197.23
Germany,Ukraine,175121.82
Israel,Brazil,171542.07
Brazil,Paraguay,164986.71
India,Niger,164748.4
Egypt,Brazil,161115.85
Romania,Ukraine,149806.51
"China, mainland",South Africa,147497.1
Poland,Ukraine,147078.58
Italy,Ukraine,145441.22
Pakistan,Brazil,144752.69
Pakistan,United States of America,135650.19
Belgium,Canada,130574.4
"China, mainland",Ethiopia,130203.8
Netherlands (Kingdom of the),Canada,124482.26
Philippines,United States of America,124018.02
Greece,Brazil,117575.06
Egypt,Uruguay,104829.63
Togo,Burkina Faso,100831.04
Italy,Uruguay,99730.63
Hungary,Ukraine,97833.0
Peru,United States of America,92782.05
United States of America,Canada,90723.97
"China, mainland",Benin,90151.16
Italy,Slovenia,89790.67
Pakistan,Togo,89335.13
Thailand,South Africa,85393.2
United States of America,Argentina,85372.73
Italy,Croatia,84967.5
Serbia,Croatia,84505.39
Pakistan,Nigeria,77132.05
Belgium,Netherlands (Kingdom of the),76330.19
Slovenia,Ukraine,75996.59
Peru,Bolivia (Plurinational State of),73656.57
"China, mainland",United Republic of Tanzania,69740.04
Germany,Austria,66706.68
India,Mozambique,66439.8
Belgium,Brazil,65612.7
Egypt,Canada,62253.23
Peru,Brazil,61273.0
Argentina,Uruguay,61002.21
"China, Taiwan Province of",Canada,60099.0
United Kingdom of Great Britain and Northern Ireland,Ukraine,59584.32
France,United States of America,59383.74
India,United Republic of Tanzania,58355.1
Kazakhstan,Russian Federation,58257.22
Greece,Ukraine,54435.93
Germany,Poland,52750.75
Malaysia,Canada,51590.22
Colombia,Brazil,51202.02
Pakistan,Benin,50731.33
Thailand,Canada,50123.27
France,Ukraine,49741.17
"China, mainland",Ukraine,49115.77
Austria,Hungary,49082.83
Norway,Canada,48735.22
Hungary,Slovakia,47342.46
Malaysia,Brazil,46023.21
Spain,Canada,43369.35
Egypt,Argentina,43304.22
Republic of Moldova,Ukraine,42189.96
United States of America,Ghana,42172.53
France,Togo,41377.06
Lebanon,Brazil,40535.05
Italy,Romania,40481.72
India,Ethiopia,40072.0
"China, mainland",Uruguay,38422.5
Germany,Hungary,37764.53
Netherlands (Kingdom of the),Belgium,36701.0
Israel,Canada,35730.62
Canada,Togo,35625.06
Belgium,France,35587.78
United Kingdom of Great Britain and Northern Ireland,Canada,35576.1
United States of America,Türkiye,35031.12
Malaysia,Mozambique,34800.0
Italy,Hungary,34721.17
Panama,United States of America,34424.85
Portugal,Canada,34378.51
Pakistan,United Republic of Tanzania,33291.6
Dominican Republic,United States of America,32918.15
Norway,United States of America,32503.22
India,Burkina Faso,31551.38
Spain,Uruguay,31140.28
Austria,Ukraine,31044.92
Germany,Czechia,30446.13
Portugal,South Africa,29921.97
United States of America,Togo,27594.21
Uzbekistan,Kazakhstan,26640.81
Netherlands (Kingdom of the),Romania,26583.85
Israel,United States of America,25762.27
Pakistan,Ethiopia,25657.7
Pakistan,Mozambique,25375.31
Greece,Canada,24924.9
Barbados,United States of America,24590.39
Indonesia,Brazil,24220.0
Belgium,Togo,24111.23
Ireland,Canada,23965.47
Italy,Togo,23178.41
Indonesia,Argentina,23127.04
Portugal,Spain,22820.89
Togo,Benin,22162.8
Slovakia,Ukraine,21872.49
Costa Rica,Brazil,21450.5
Denmark,Germany,21222.39
Uruguay,Brazil,21158.35
Spain,Ukraine,21005.6
Morocco,United States of America,20757.36
Pakistan,Zambia,20275.95
United Republic of Tanzania,Zambia,20152.27
Togo,Ghana,20000.0
Czechia,Germany,19778.92
Egypt,Romania,19436.91
United States of America,Russian Federation,18408.51
Italy,Austria,18292.57
Netherlands (Kingdom of the),France,18144.71
"China, Hong Kong SAR",Canada,17679.2
Japan,"China, mainland",17535.0
United Kingdom of Great Britain and Northern Ireland,Ireland,17240.69
Germany,Cyprus,17139.87
Zimbabwe,Zambia,17068.2
Netherlands (Kingdom of the),Germany,16931.46
Malaysia,Argentina,16914.9
Brazil,Uruguay,16032.0
Israel,Ukraine,15960.39
Singapore,Canada,15508.41
Spain,France,15355.82
France,Canada,15083.16
Canada,Uganda,14893.22
Serbia,Hungary,14865.71
Morocco,Brazil,14796.83
Egypt,Sudan,14702.45
Austria,Germany,14603.2
Germany,Slovakia,14020.05
United Republic of Tanzania,Malawi,13703.0
Thailand,Cambodia,12843.8
Finland,Netherlands (Kingdom of the),12414.37
Austria,Slovakia,12289.08
Philippines,Argentina,11691.23
Uruguay,Argentina,11485.56
Philippines,Canada,11393.8
Canada,India,11338.38
India,Zambia,11175.1
France,Belgium,10283.23
Canada,Nigeria,9608.41
Türkiye,Nigeria,9554.43
Austria,Slovenia,9486.49
Austria,Croatia,9212.32
Austria,Italy,9191.33
Austria,Romania,9172.86
Myanmar,United States of America,9100.85
Italy,France,8964.92
Romania,Hungary,8857.2
Germany,Romania,8843.01
"China, mainland",Kazakhstan,8512.48
Paraguay,Brazil,8408.69
Bosnia and Herzegovina,Croatia,8281.04
Denmark,Luxembourg,8158.39
Germany,France,8154.31
Netherlands (Kingdom of the),Poland,7399.72
Spain,Portugal,7291.86
Hungary,Romania,7231.62
Azerbaijan,Ukraine,7223.25
Greece,United States of America,7187.12
Hungary,Poland,7050.1
United Kingdom of Great Britain and Northern Ireland,Belgium,6915.45
Brunei Darussalam,Argentina,6600.04
Slovakia,Hungary,6437.66
Lebanon,Ukraine,6401.11
Indonesia,Malaysia,6331.68
Pakistan,Ghana,6310.77
Spain,Italy,6261.83
Jordan,Brazil,6177.77
Italy,Slovakia,5839.3
Poland,Germany,5825.0
Côte d'Ivoire,Burkina Faso,5804.06
Thailand,Ukraine,5765.22
Czechia,Ukraine,5760.73
Türkiye,Russian Federation,5722.21
Denmark,Netherlands (Kingdom of the),5698.11
Zimbabwe,Malawi,5590.0
Sweden,Denmark,5542.31
Azerbaijan,Brazil,5500.48
India,Benin,5488.14
Germany,Italy,5472.21
Belgium,Ukraine,5411.05
"China, Taiwan Province of","China, mainland",5310.0
Slovenia,Bosnia and Herzegovina,5086.37
Croatia,Slovenia,5082.92
Türkiye,Ghana,5061.65
Belgium,United States of America,5048.13
Italy,Germany,5034.68
Croatia,Austria,5019.22
Türkiye,Romania,4947.8
Romania,Netherlands (Kingdom of the),4815.16
United States of America,Ukraine,4723.19
Croatia,Hungary,4715.54
Croatia,Italy,4701.92
Canada,Ghana,4625.09
Belgium,"China, mainland",4579.65
India,Malawi,4495.79
France,Burkina Faso,4431.86
Botswana,Zambia,4397.5
Germany,"China, mainland",4286.76
France,Spain,4240.77
Romania,Republic of Moldova,4215.95
Bolivia (Plurinational State of),Argentina,4197.29
Mozambique,South Africa,4047.26
Denmark,France,4038.53
Sweden,Latvia,3985.9
United Kingdom of Great Britain and Northern Ireland,Netherlands (Kingdom of the),3824.93
Germany,Belgium,3599.57
France,Germany,3539.36
Switzerland,France,3500.03
Belgium,Hungary,3484.57
United States of America,Uruguay,3457.86
Canada,"China, mainland",3431.93
United States of America,Chile,3414.98
South Africa,Zambia,3394.5
Netherlands (Kingdom of the),"China, mainland",3372.39
United Kingdom of Great Britain and Northern Ireland,"China, mainland",3338.9
Slovenia,Croatia,3328.72
Sri Lanka,India,3284.01
Austria,Czechia,3265.8
"China, Taiwan Province of",Australia,3259.0
Israel,"China, mainland",3246.35
Finland,Poland,3227.55
France,Uganda,3167.86
Singapore,United States of America,3151.78
Ireland,United Kingdom of Great Britain and Northern Ireland,3095.39
Netherlands (Kingdom of the),Italy,3085.61
Slovakia,Austria,3072.29
Canada,Benin,3022.16
United Kingdom of Great Britain and Northern Ireland,Paraguay,2950.0
Singapore,Malaysia,2917.09
Hungary,Austria,2911.3
Netherlands (Kingdom of the),Togo,2910.16
Serbia,Slovakia,2844.92
Italy,Benin,2755.58
Denmark,Italy,2714.5
Slovakia,Czechia,2701.31
Kyrgyzstan,Russian Federation,2606.41
Finland,Germany,2581.33
Sweden,Kazakhstan,2500.0
Czechia,Slovakia,2399.98
France,Austria,2312.96
Italy,"China, mainland",2270.36
Belgium,Burkina Faso,2262.29
"China, Hong Kong SAR","China, mainland",2251.37
Norway,Poland,2218.51
Czechia,Austria,2213.58
United States of America,Mexico,2166.6
Romania,Italy,2153.56
France,Italy,2144.21
Pakistan,Malawi,2136.49
Switzerland,Austria,2117.93
Switzerland,Ukraine,2092.54
United Kingdom of Great Britain and Northern Ireland,France,2069.0
Serbia,Ukraine,2065.49
Germany,Togo,2059.69
Austria,Poland,2053.76
Serbia,Romania,2027.26
"China, Taiwan Province of",Bolivia (Plurinational State of),1982.0
Zimbabwe,South Africa,1822.64
Canada,Türkiye,1800.19
Uruguay,Paraguay,1791.2
Italy,Poland,1746.86
Denmark,"China, mainland",1732.51
Türkiye,Togo,1722.12
Poland,Belgium,1701.12
Jordan,Ukraine,1688.48
Netherlands (Kingdom of the),Austria,1674.7
Hungary,Croatia,1645.58
Finland,Austria,1605.26
Germany,Canada,1586.65
Hungary,Slovenia,1567.2
Slovakia,Serbia,1558.48
Belgium,Austria,1540.7
Switzerland,Germany,1540.56
"China, Taiwan Province of",France,1511.0
Mauritania,France,1500.06
Netherlands (Kingdom of the),Egypt,1454.58
New Zealand,Canada,1450.2
Portugal,Romania,1429.3
"China, Taiwan Province of",South Africa,1417.0
Slovakia,Poland,1415.99
United States of America,Paraguay,1398.25
Australia,"China, mainland",1382.34
Poland,Slovakia,1370.94
Poland,Canada,1346.29
Türkiye,Turkmenistan,1340.22
Hungary,Italy,1324.22
Saudi Arabia,Canada,1312.39
Thailand,France,1307.35
Sri Lanka,Mozambique,1305.0
Spain,"China, mainland",1293.57
Türkiye,Republic of Moldova,1281.44
United States of America,"China, mainland",1277.01
Slovakia,Slovenia,1232.08
Myanmar,Canada,1226.7
France,Côte d'Ivoire,1221.65
Canada,Ukraine,1154.77
France,Benin,1140.38
Sweden,"China, mainland",1108.61
Belgium,Germany,1105.17
Kenya,United Republic of Tanzania,1096.6
France,Netherlands (Kingdom of the),1063.77
Malaysia,"China, mainland",1061.39
Belgium,Italy,1051.53
United Arab Emirates,Canada,1033.61
Italy,Bosnia and Herzegovina,1021.0
Italy,Netherlands (Kingdom of the),1019.12
Czechia,Netherlands (Kingdom of the),989.9
Philippines,"China, mainland",966.1
Togo,"China, mainland",965.42
Gabon,Belgium,956.22
Poland,Czechia,948.26
Romania,Serbia,941.47
Hungary,Belgium,938.88
Czechia,Italy,936.64
Slovakia,Germany,924.67
New Zealand,Australia,909.5
Canada,Burkina Faso,889.93
Serbia,Bosnia and Herzegovina,886.7
Spain,Togo,885.97
United Arab Emirates,Nigeria,883.74
Denmark,Slovenia,861.66
Germany,Lithuania,861.38
Romania,United States of America,828.06
Ghana,Togo,810.0
Hungary,Netherlands (Kingdom of the),802.74
Slovakia,Netherlands (Kingdom of the),788.36
Belgium,Romania,783.47
France,"China, mainland",782.34
Switzerland,Italy,774.61
Romania,Bulgaria,774.4
Romania,Austria,762.63
Jordan,United States of America,748.53
Armenia,Russian Federation,738.06
Morocco,Canada,732.0
Ireland,Netherlands (Kingdom of the),706.23
Slovakia,Italy,696.15
United Arab Emirates,India,690.48
Czechia,Canada,689.16
Egypt,Russian Federation,683.32
India,Uganda,676.25
Slovenia,Austria,672.32
Montenegro,Serbia,659.86
Austria,Canada,652.74
Paraguay,Argentina,615.27
Netherlands (Kingdom of the),Denmark,609.52
Hungary,Germany,605.57
Bulgaria,Republic of Moldova,586.45
Brunei Darussalam,Canada,561.67
Italy,Latvia,547.65
Ukraine,Poland,547.52
Croatia,Ukraine,541.44
Spain,Luxembourg,540.03
Czechia,France,539.32
Argentina,United States of America,537.53
Slovenia,Italy,529.99
Malaysia,Bolivia (Plurinational State of),506.0
Italy,Burkina Faso,504.22
Finland,Canada,501.2
Belgium,India,499.95
"China, Macao SAR",Canada,499.64
Togo,United States of America,497.23
Malaysia,India,492.71
Paraguay,Bolivia (Plurinational State of),489.06
Sweden,Germany,468.91
United Kingdom of Great Britain and Northern Ireland,Italy,457.9
Romania,Estonia,457.35
"China, Hong Kong SAR",United States of America,454.48
Mozambique,"China, mainland",452.1
Norway,"China, mainland",443.51
Canada,"China, Taiwan Province of",442.56
Canada,Ethiopia,440.86
Poland,Austria,439.76
Philippines,Malaysia,431.84
Netherlands (Kingdom of the),Serbia,431.13
South Africa,Eswatini,424.38
Sri Lanka,Nigeria,423.65
United States of America,Madagascar,421.3
India,Sudan,416.0
Switzerland,Belgium,413.39
Austria,France,410.07
Portugal,Italy,399.86
France,Romania,385.49
Ukraine,Canada,381.92
Ukraine,Romania,380.32
Germany,Serbia,370.42
United States of America,"China, Taiwan Province of",357.96
Bolivia (Plurinational State of),Paraguay,332.02
Brunei Darussalam,Malaysia,331.85
Türkiye,Kazakhstan,330.0
Türkiye,Cameroon,322.0
Singapore,"China, mainland",315.46
Zambia,Zimbabwe,311.2
Poland,Netherlands (Kingdom of the),310.07
Switzerland,Canada,302.17
Hungary,Czechia,279.54
United States of America,Benin,276.88
Malawi,Zambia,274.6
United Kingdom of Great Britain and Northern Ireland,Spain,265.93
Guatemala,Honduras,262.5
Italy,Czechia,255.03
Poland,Hungary,252.86
"China, Taiwan Province of",Togo,251.0
Guyana,United States of America,250.22
Netherlands (Kingdom of the),Indonesia,249.84
Croatia,Serbia,248.48
Netherlands (Kingdom of the),Sweden,245.91
Thailand,"China, mainland",242.84
Portugal,France,239.98
Pakistan,"China, mainland",236.0
Malaysia,Viet Nam,235.14
Sweden,Canada,234.6
Czechia,Belgium,229.64
Montenegro,Bosnia and Herzegovina,229.38
Uzbekistan,Russian Federation,227.6
Spain,Netherlands (Kingdom of the),224.74
Croatia,France,223.6
Belgium,Poland,223.28
United Kingdom of Great Britain and Northern Ireland,Austria,214.29
Bosnia and Herzegovina,Serbia,213.81
Switzerland,"China, mainland",208.14
Romania,France,203.69
United Republic of Tanzania,Mozambique,200.0
Ghana,Türkiye,191.5
Sweden,Italy,191.49
Serbia,Austria,191.44
Lithuania,Belgium,190.44
Finland,United States of America,190.0
Ukraine,Croatia,188.88
United Republic of Tanzania,Zimbabwe,184.0
Spain,Belgium,183.9
Italy,Serbia,182.05
Slovakia,Romania,180.86
Spain,Germany,179.83
Greece,Bulgaria,179.51
Bulgaria,Romania,178.54
Austria,Netherlands (Kingdom of the),174.61
Romania,Slovakia,169.14
Kyrgyzstan,Kazakhstan,168.0
United Arab Emirates,Ethiopia,166.31
Türkiye,"China, mainland",164.74
Slovakia,Canada,164.04
Netherlands (Kingdom of the),Spain,159.54
Czechia,Hungary,156.94
Guatemala,Nicaragua,156.13
"China, Taiwan Province of",Myanmar,154.0
Luxembourg,Belgium,153.4
Italy,Belgium,153.25
Slovenia,Poland,151.44
Romania,Poland,151.29
Greece,Italy,144.25
Spain,Austria,143.41
Romania,Slovenia,138.67
Ukraine,France,137.27
Saudi Arabia,Syrian Arab Republic,136.22
Germany,Denmark,133.7
Mozambique,United Arab Emirates,131.39
Denmark,Austria,129.01
United Kingdom of Great Britain and Northern Ireland,India,127.39
Lithuania,Austria,124.69
Germany,Croatia,122.78
New Zealand,"China, mainland",122.5
Croatia,Romania,122.45
Canada,Chile,121.23
Hungary,Serbia,119.88
Slovakia,France,118.7
Poland,Nigeria,115.0
Belgium,Serbia,112.8
Bulgaria,Ukraine,111.1
Pakistan,Djibouti,110.0
Romania,Germany,105.38
Slovenia,Serbia,102.24
Netherlands (Kingdom of the),Czechia,102.16
Czechia,Poland,101.17
Saudi Arabia,India,101.14
Greece,"China, mainland",100.0
Australia,United States of America,98.5
Hungary,"China, mainland",98.32
Slovenia,Germany,97.63
Bulgaria,Serbia,95.04
Lithuania,Poland,94.23
Portugal,Hungary,94.15
Lithuania,Netherlands (Kingdom of the),93.98
Switzerland,Netherlands (Kingdom of the),91.81
Jordan,"China, Taiwan Province of",89.94
South Africa,Botswana,86.03
Serbia,France,83.4
Romania,Greece,83.15
Malawi,United States of America,81.62
Canada,Japan,80.95
Suriname,Canada,80.0
Togo,Belgium,80.0
Romania,Spain,78.44
Eswatini,South Africa,78.3
Hungary,France,76.88
United Arab Emirates,United States of America,76.78
"China, Taiwan Province of",Japan,76.66
Ukraine,Hungary,75.57
Netherlands (Kingdom of the),Ireland,75.19
Mozambique,Singapore,75.0
Austria,Lithuania,72.44
Thailand,India,72.0
Ukraine,Austria,69.87
Oman,United States of America,69.85
United Arab Emirates,"China, mainland",69.05
Latvia,Netherlands (Kingdom of the),69.04
Pakistan,Kenya,68.55
Colombia,"China, mainland",68.31
France,Serbia,66.85
Portugal,Netherlands (Kingdom of the),66.49
Poland,Russian Federation,66.0
Guyana,Brazil,65.9
France,India,65.71
Austria,Belgium,65.67
Netherlands (Kingdom of the),Norway,65.59
Serbia,Italy,65.09
Israel,France,65.06
United Arab Emirates,Madagascar,64.91
Netherlands (Kingdom of the),Hungary,64.02
Poland,"China, mainland",61.5
Mozambique,Malawi,60.0
Ireland,Poland,59.91
Saudi Arabia,"China, mainland",57.6
Israel,Belgium,56.19
Egypt,Thailand,56.17
Indonesia,Ukraine,55.14
Kazakhstan,"China, mainland",53.34
Israel,Türkiye,53.23
Jordan,"China, mainland",53.02
Netherlands (Kingdom of the),United Kingdom of Great Britain and Northern Ireland,51.3
Côte d'Ivoire,"China, mainland",51.24
Serbia,Czechia,50.3
Japan,Paraguay,50.0
Malaysia,Ukraine,48.6
South Africa,"China, mainland",48.15
"China, Taiwan Province of",India,48.0
Netherlands (Kingdom of the),Lithuania,47.8
"China, Taiwan Province of",Ukraine,47.0
Bosnia and Herzegovina,France,46.07
Latvia,Ukraine,45.97
Romania,Croatia,45.7
Germany,Luxembourg,45.36
Azerbaijan,Türkiye,45.23
Saudi Arabia,Türkiye,44.5
Australia,Japan,44.27
Lithuania,Ukraine,44.07
Denmark,Ukraine,44.0
Denmark,Belgium,43.17
Romania,Belgium,42.68
Czechia,Serbia,42.3
Uzbekistan,Türkiye,42.0
Saudi Arabia,Japan,41.55
Czechia,"China, mainland",41.0
Costa Rica,Canada,40.83
Lithuania,Canada,40.8
Jamaica,Canada,40.8
Brunei Darussalam,Singapore,40.38
Côte d'Ivoire,Mali,40.0
El Salvador,United States of America,40.0
Burkina Faso,Côte d'Ivoire,40.0
Indonesia,France,40.0
Sweden,Netherlands (Kingdom of the),39.84
Canada,Bolivia (Plurinational State of),39.68
Greece,France,38.5
"China, Hong Kong SAR",Japan,37.57
Spain,Romania,37.03
Japan,France,37.0
Netherlands (Kingdom of the),Portugal,36.75
Bolivia (Plurinational State of),Uruguay,36.51
Netherlands (Kingdom of the),Paraguay,36.44
Kuwait,India,35.79
Germany,Iran (Islamic Republic of),35.2
Netherlands (Kingdom of the),Greece,34.26
Spain,"China, Taiwan Province of",32.62
Peru,Ecuador,32.5
"China, Macao SAR","China, mainland",31.77
Belgium,Sweden,31.45
Israel,Italy,31.05
Switzerland,Hungary,30.42
Saudi Arabia,Jordan,30.31
Netherlands (Kingdom of the),Estonia,28.42
Ghana,Burkina Faso,28.35
India,Ghana,28.34
Paraguay,Chile,28.0
Netherlands (Kingdom of the),Finland,27.69
Netherlands (Kingdom of the),Slovenia,27.38
Portugal,Germany,27.04
Djibouti,"China, mainland",26.96
Ukraine,Serbia,26.35
Uruguay,United States of America,25.88
Lithuania,Latvia,25.86
Kenya,Zambia,25.57
Italy,Greece,25.48
Bosnia and Herzegovina,Slovenia,25.0
Lithuania,France,25.0
Belgium,Switzerland,24.18
Brunei Darussalam,"China, mainland",24.09
Italy,Bulgaria,24.0
"China, Taiwan Province of",Argentina,24.0
United Kingdom of Great Britain and Northern Ireland,Portugal,24.0
Azerbaijan,Austria,23.94
Denmark,Poland,23.87
Bulgaria,Netherlands (Kingdom of the),23.5
Belgium,Peru,23.2
Denmark,Sweden,22.73
Kuwait,Argentina,22.51
Finland,Sweden,21.38
Netherlands (Kingdom of the),Bulgaria,20.95
Ireland,Spain,20.67
Lebanon,Türkiye,20.55
Denmark,Canada,20.54
Malaysia,Indonesia,20.36
Bulgaria,Canada,20.23
Oman,United Arab Emirates,20.09
Jordan,Nigeria,20.06
Kazakhstan,Serbia,20.0
Kazakhstan,Belarus,20.0
Sweden,Belgium,19.86
Cyprus,Greece,19.53
Denmark,Switzerland,19.2
Germany,Switzerland,18.95
Poland,France,18.93
El Salvador,Nicaragua,18.92
Bulgaria,"China, mainland",18.74
Luxembourg,France,18.69
France,Croatia,18.5
Estonia,Netherlands (Kingdom of the),18.04
Denmark,United Kingdom of Great Britain and Northern Ireland,18.0
Kazakhstan,Austria,17.83
Norway,France,17.75
Ukraine,Italy,17.62
Slovenia,Romania,17.6
Netherlands (Kingdom of the),Latvia,17.58
Norway,Netherlands (Kingdom of the),17.45
Ukraine,Czechia,17.13
Netherlands (Kingdom of the),Slovakia,16.27
Netherlands (Kingdom of the),Croatia,16.18
Ukraine,"China, mainland",16.0
Mozambique,Argentina,16.0
South Africa,Brazil,15.87
Romania,Czechia,15.75
Switzerland,Viet Nam,15.04
Botswana,Zimbabwe,15.0
Mozambique,Zimbabwe,15.0
Ireland,Finland,14.91
Kazakhstan,Czechia,14.83
Romania,Denmark,14.77
Fiji,Australia,14.54
Oman,India,14.37
Bosnia and Herzegovina,Romania,14.25
Luxembourg,Germany,14.17
Malta,Ireland,13.63
Canada,Argentina,13.62
United Arab Emirates,Japan,13.29
Suriname,India,13.2
Belgium,Türkiye,13.02
Ireland,France,12.91
United States of America,Austria,12.88
Norway,Germany,12.83
Iceland,"China, mainland",12.55
Singapore,"China, Taiwan Province of",12.43
Hungary,Sweden,12.4
Jamaica,United States of America,11.4
Sri Lanka,Canada,11.34
Cyprus,Germany,11.29
Netherlands (Kingdom of the),Argentina,11.27
Serbia,"China, mainland",11.27
Ireland,Austria,11.25
Belgium,Spain,11.05
Slovenia,Hungary,10.81
Singapore,Thailand,10.53
Israel,Republic of Moldova,10.35
Ukraine,United States of America,10.17
Canada,Algeria,10.11
Bosnia and Herzegovina,Italy,10.08
El Salvador,"China, mainland",10.02
Serbia,Belgium,9.9
Finland,Belgium,9.28
Malaysia,"China, Taiwan Province of",9.05
Bahamas,"China, mainland",9.04
Bahamas,Mexico,9.04
Lebanon,Canada,9.03
Uruguay,"China, mainland",9.0
Finland,Denmark,8.93
Ireland,"China, mainland",8.84
Norway,Austria,8.82
Canada,Republic of Korea,8.45
Austria,Switzerland,8.16
Netherlands (Kingdom of the),Sri Lanka,8.14
Croatia,Netherlands (Kingdom of the),8.11
Australia,Malaysia,7.82
Bolivia (Plurinational State of),Brazil,7.75
Estonia,Belgium,7.72
Canada,Indonesia,7.65
Netherlands (Kingdom of the),Luxembourg,7.58
North Macedonia,Serbia,7.0
Japan,Myanmar,7.0
Bahamas,United States of America,6.97
Seychelles,India,6.94
Côte d'Ivoire,Italy,6.76
Singapore,"China, Hong Kong SAR",6.7
Netherlands (Kingdom of the),Nigeria,6.62
United Kingdom of Great Britain and Northern Ireland,Singapore,6.56
Suriname,"China, mainland",6.55
Ghana,Niger,6.5
Ukraine,Germany,6.46
Jordan,India,6.35
Singapore,Indonesia,6.2
Germany,Nigeria,6.16
Greece,Netherlands (Kingdom of the),6.15
Greece,Belgium,6.0
Greece,Serbia,6.0
Japan,Viet Nam,6.0
Latvia,Poland,6.0
Belgium,Viet Nam,6.0
Ghana,Italy,6.0
Thailand,Malaysia,6.0
Canada,Serbia,6.0
Germany,Republic of Korea,5.99
United Kingdom of Great Britain and Northern Ireland,Japan,5.95
Ireland,India,5.81
United Arab Emirates,Republic of Korea,5.8
Kuwait,United Arab Emirates,5.52
United States of America,Thailand,5.5
Indonesia,India,5.49
Greece,India,5.42
Netherlands (Kingdom of the),Japan,5.31
United States of America,Japan,5.23
Germany,Japan,5.11
Malaysia,France,5.1
"China, Taiwan Province of",Viet Nam,5.0
Czechia,Bulgaria,4.99
Estonia,Latvia,4.95
United Kingdom of Great Britain and Northern Ireland,Germany,4.87
Dominican Republic,Brazil,4.8
Türkiye,Austria,4.8
Germany,Brazil,4.79
Croatia,Germany,4.68
Bahrain,Germany,4.65
"China, Macao SAR",Japan,4.54
Germany,India,4.44
Bahrain,India,4.41
Jordan,United Kingdom of Great Britain and Northern Ireland,4.41
Latvia,Sweden,4.37
South Africa,United States of America,4.28
El Salvador,Guatemala,4.28
Mozambique,"China, Hong Kong SAR",4.25
United States of America,India,4.2
Ghana,"China, mainland",4.12
Malaysia,Singapore,4.11
Australia,Nepal,4.09
Italy,Nepal,4.08
Latvia,Lithuania,4.05
Italy,Japan,3.99
Netherlands (Kingdom of the),United Arab Emirates,3.99
Czechia,United Kingdom of Great Britain and Northern Ireland,3.98
Singapore,Japan,3.95
Australia,Thailand,3.94
Australia,India,3.81
United Republic of Tanzania,India,3.77
"China, Macao SAR",India,3.75
South Africa,Malawi,3.75
Slovenia,Netherlands (Kingdom of the),3.73
Iceland,Canada,3.66
Philippines,Singapore,3.62
Jordan,Egypt,3.61
Latvia,Germany,3.41
Ireland,Belgium,3.41
Ethiopia,Zimbabwe,3.35
Canada,Austria,3.32
Sri Lanka,"China, Hong Kong SAR",3.3
Finland,Czechia,3.3
Republic of Moldova,Romania,3.25
Spain,Sweden,3.2
Canada,Sri Lanka,3.18
France,Japan,3.18
Japan,Republic of Korea,3.17
Saudi Arabia,United Kingdom of Great Britain and Northern Ireland,3.16
Poland,Romania,3.15
Denmark,India,3.14
Montenegro,Italy,3.11
South Africa,"China, Taiwan Province of",3.08
Luxembourg,Netherlands (Kingdom of the),3.07
Malta,"China, mainland",3.06
Italy,Spain,3.02
Sweden,Iran (Islamic Republic of),3.01
Ghana,Mali,3.0
Nicaragua,Mexico,3.0
Portugal,United Arab Emirates,3.0
Poland,Sweden,2.97
Lithuania,Germany,2.97
Denmark,Japan,2.88
Brazil,Argentina,2.87
Japan,Sri Lanka,2.81
Estonia,Germany,2.79
Brazil,United States of America,2.75
Spain,Thailand,2.7
United Kingdom of Great Britain and Northern Ireland,Sri Lanka,2.67
Sweden,Republic of Korea,2.64
Gabon,Lebanon,2.63
Netherlands (Kingdom of the),"China, Hong Kong SAR",2.6
Ireland,Germany,2.57
Norway,India,2.54
"China, Hong Kong SAR",Indonesia,2.5
France,Poland,2.47
Cyprus,United Kingdom of Great Britain and Northern Ireland,2.45
United Arab Emirates,Italy,2.43
United States of America,Republic of Korea,2.42
Norway,Sweden,2.33
Madagascar,South Africa,2.33
United Kingdom of Great Britain and Northern Ireland,Nepal,2.32
Kuwait,Belgium,2.31
Cyprus,Belgium,2.3
Montenegro,"China, mainland",2.24
Lebanon,India,2.22
"China, Macao SAR",Italy,2.22
Lebanon,Italy,2.18
Malaysia,Japan,2.15
Netherlands (Kingdom of the),Uganda,2.15
Sri Lanka,"China, mainland",2.14
Kuwait,Egypt,2.14
Austria,Serbia,2.1
Croatia,Canada,2.1
Oman,United Republic of Tanzania,2.08
Sweden,United States of America,2.05
United Kingdom of Great Britain and Northern Ireland,Viet Nam,2.05
Indonesia,Viet Nam,2.0
Namibia,Zambia,2.0
United Arab Emirates,Australia,1.95
Kyrgyzstan,"China, mainland",1.94
Guatemala,United States of America,1.8
Philippines,Japan,1.78
North Macedonia,"China, mainland",1.65
North Macedonia,Austria,1.64
Malawi,South Africa,1.62
United States of America,Guatemala,1.55
Malta,Netherlands (Kingdom of the),1.51
United States of America,France,1.5
Saudi Arabia,Bahrain,1.49
Israel,Chile,1.48
Fiji,"China, mainland",1.39
Maldives,United Arab Emirates,1.37
Singapore,Australia,1.34
France,Thailand,1.27
Côte d'Ivoire,France,1.27
United Kingdom of Great Britain and Northern Ireland,Iran (Islamic Republic of),1.26
Bahrain,United Arab Emirates,1.25
Seychelles,United Arab Emirates,1.24
Iceland,India,1.22
Türkiye,India,1.2
United Arab Emirates,Saudi Arabia,1.19
France,Mauritius,1.19
Iceland,Viet Nam,1.17
Malta,Italy,1.16
France,Morocco,1.16
Azerbaijan,India,1.13
Greece,Germany,1.13
Malawi,Zimbabwe,1.1
Romania,Latvia,1.1
Canada,Suriname,1.1
New Zealand,India,1.08
Suriname,Brazil,1.07
Norway,Italy,1.02
Niger,Côte d'Ivoire,1.0
France,Hungary,1.0
Maldives,"China, mainland",1.0
Botswana,India,1.0
Guyana,Canada,1.0
Bosnia and Herzegovina,Canada,1.0
Indonesia,Japan,1.0
Switzerland,India,0.99
France,Denmark,0.99
Montenegro,Türkiye,0.95
Norway,Viet Nam,0.95
Czechia,Viet Nam,0.92
Bulgaria,Germany,0.92
Singapore,India,0.9
Jordan,Japan,0.9
Armenia,India,0.9
Croatia,Denmark,0.88
Antigua and Barbuda,United States of America,0.87
Germany,Paraguay,0.86
Netherlands (Kingdom of the),Kazakhstan,0.84
Portugal,Belgium,0.83
Netherlands (Kingdom of the),Thailand,0.83
Canada,France,0.83
United States of America,"China, Hong Kong SAR",0.81
Netherlands (Kingdom of the),Ghana,0.81
Republic of Moldova,Germany,0.8
Cyprus,Netherlands (Kingdom of the),0.78
United Kingdom of Great Britain and Northern Ireland,Czechia,0.77
Portugal,Austria,0.76
Sweden,Kenya,0.75
France,United Arab Emirates,0.71
Germany,Thailand,0.71
Slovakia,Denmark,0.7
Oman,Sri Lanka,0.7
Georgia,Germany,0.7
Netherlands (Kingdom of the),Ethiopia,0.69
Lebanon,"China, mainland",0.65
Austria,Denmark,0.65
Cabo Verde,Portugal,0.64
Azerbaijan,Belgium,0.63
Singapore,Italy,0.61
Grenada,United States of America,0.61
Netherlands (Kingdom of the),Peru,0.61
New Zealand,Thailand,0.59
Canada,Democratic Republic of the Congo,0.56
Ethiopia,"China, mainland",0.56
Kazakhstan,Tajikistan,0.55
Guyana,Trinidad and Tobago,0.55
Denmark,Sri Lanka,0.54
Maldives,India,0.54
Cyprus,Sri Lanka,0.51
Republic of Moldova,Türkiye,0.5
Lithuania,Estonia,0.5
Brunei Darussalam,India,0.5
Italy,Denmark,0.5
Switzerland,Sri Lanka,0.49
France,Kenya,0.49
Austria,United States of America,0.48
Saudi Arabia,Thailand,0.48
Jordan,United Arab Emirates,0.48
Netherlands (Kingdom of the),Colombia,0.47
United Kingdom of Great Britain and Northern Ireland,"China, Hong Kong SAR",0.46
Belgium,Chile,0.46
Italy,Switzerland,0.46
Bahamas,Brazil,0.45
Germany,Argentina,0.45
Netherlands (Kingdom of the),South Africa,0.44
Madagascar,"China, mainland",0.42
Sweden,India,0.4
Zambia,India,0.4
Switzerland,Iran (Islamic Republic of),0.4
Canada,"China, Hong Kong SAR",0.4
Netherlands (Kingdom of the),Malta,0.4
Sweden,Viet Nam,0.39
Canada,Mexico,0.39
Kuwait,"China, Taiwan Province of",0.39
Netherlands (Kingdom of the),Russian Federation,0.39
Estonia,Finland,0.38
Mozambique,Portugal,0.37
Netherlands (Kingdom of the),Rwanda,0.35
Portugal,"China, mainland",0.35
New Zealand,Japan,0.34
Austria,Japan,0.33
Netherlands (Kingdom of the),Lebanon,0.33
Netherlands (Kingdom of the),Kenya,0.32
